Country,Year,Life_Expectancy,GDP,Region,Population,LogGDP,Predicted
India,1960,45.61,84,South Asia,435990338,1.929075485,48.62962063
India,1963,46.458,103,South Asia,468138575,2.014667608,49.68349932
India,1966,45.884,91,South Asia,500740247,1.959173546,49.00021204
India,1969,48.26,109,South Asia,533880544,2.039325524,49.98710731
India,1972,49.213,125,South Asia,570482142,2.097849525,50.70770163
India,1975,50.761,161,South Asia,611309535,2.207059669,52.05238429
India,1978,52.42,209,South Asia,655728229,2.320953995,53.45474235
India,1981,54.173,274,South Asia,703696250,2.439276359,54.91162195
India,1984,55.813,281,South Asia,754875449,2.448783385,55.02868006
India,1987,57.291,344,South Asia,808931270,2.537744854,56.12404484
India,1990,58.618,371,South Asia,864972221,2.569474495,56.51472556
India,1993,59.823,302,South Asia,922118387,2.481277488,55.42877345
India,1996,61.027,401,South Asia,979678458,2.603195006,56.92991947
India,1999,62.284,441,South Asia,1038225823,2.64535151,57.44898407
India,2002,63.649,469,South Asia,1097600380,2.671311655,57.76862615
India,2005,64.939,710,South Asia,1154676322,2.851556796,59.98794852
India,2008,66.247,992,South Asia,1207930964,2.996739085,61.77554901
India,2011,67.623,1445,South Asia,1261224954,3.160006461,63.78582755
India,2014,68.932,1553,South Asia,1312277191,3.191418584,64.17259874
India,2017,70.068,1950,South Asia,1359657400,3.290057925,65.38712522
India,2020,70.156,1907,South Asia,1402617695,3.280360375,65.26772123
India,2023,72.003,2480,South Asia,1438069596,3.394590368,66.67421228
China,1960,33.419,89,East Asia & Pacific,667070000,1.951921113,48.91091428
China,1963,51.67,74,East Asia & Pacific,682335000,1.871066967,47.91537335
China,1966,53.662,104,East Asia & Pacific,735400000,2.018385,49.72927083
China,1969,55.988,100,East Asia & Pacific,796025000,2.000562209,49.50982237
China,1972,58.579,131,East Asia & Pacific,862030000,2.120197243,50.98286461
China,1975,60.952,178,East Asia & Pacific,916395000,2.251247823,52.5964642
China,1978,63.102,156,East Asia & Pacific,956165000,2.19422672,51.89437476
China,1981,64.778,197,East Asia & Pacific,993885000,2.294623766,53.13054351
China,1984,66.148,250,East Asia & Pacific,1036825000,2.399178532,54.41790543
China,1987,67.263,251,East Asia & Pacific,1084035000,2.401076348,54.44127286
China,1990,68.155,317,East Asia & Pacific,1135185000,2.502269589,55.687245
China,1993,69.492,377,East Asia & Pacific,1178440000,2.576790203,56.60480241
China,1996,70.823,709,East Asia & Pacific,1217550000,2.850900911,59.97987274
China,1999,71.952,873,East Asia & Pacific,1252735000,2.941159649,61.09121053
China,2002,73.034,1148,East Asia & Pacific,1280400000,3.060136391,62.55614736
China,2005,74.085,1753,East Asia & Pacific,1303720000,3.243884517,64.81860128
China,2008,74.833,3468,East Asia & Pacific,1324655000,3.540120045,68.46609009
China,2011,75.889,5614,East Asia & Pacific,1345035000,3.74930227,71.04170899
China,2014,76.714,7636,East Asia & Pacific,1371860000,3.882870148,72.68630356
China,2017,77.235,8817,East Asia & Pacific,1396215000,3.945323087,73.45527411
China,2023,77.953,12614,East Asia & Pacific,1410710000,4.100854952,75.37030685
China,2020,78.019,10408,East Asia & Pacific,1411100000,4.017397307,74.34270956
United States,1960,69.77073171,2999,North America,180671000,3.477101692,67.69015771
United States,1963,69.91707317,3366,North America,189242000,3.527161821,68.30653807
United States,1966,70.21219512,4136,North America,196560000,3.616612901,69.40793133
United States,1969,70.50731707,5019,North America,202677000,3.70070356,70.44332279
United States,1972,71.15609756,6094,North America,209896000,3.784903732,71.48006267
United States,1975,72.60487805,7801,North America,215973000,3.8921757,72.80088096
United States,1978,73.35609756,10564,North America,222585000,4.023867373,74.42237419
United States,1981,74.0097561,13976,North America,229466000,4.145386167,75.9186108
United States,1984,74.56341463,17121,North America,235825000,4.233534847,77.00396786
United States,1987,74.76585366,20038,North America,242289000,4.301874769,77.84542366
United States,1990,75.21463415,23888,North America,249623000,4.378190699,78.78508644
United States,1993,75.4195122,26387,North America,259919000,4.421394852,79.31705053
United States,1996,76.02682927,29967,North America,269394000,4.476653597,79.99744041
United States,1999,76.58292683,34515,North America,279040000,4.538012676,80.75294248
United States,2002,76.93658537,37997,North America,287625193,4.579757795,81.26694178
United States,2005,77.48780488,44123,North America,295516599,4.644668967,82.06618006
United States,2008,78.03902439,48570,North America,304093966,4.686368635,82.57961973
United States,2011,78.64146341,50065,North America,311583481,4.699542712,82.7418295
United States,2014,78.84146341,55304,North America,318386329,4.742759022,83.27394329
United States,2017,78.53902439,60322,North America,325122128,4.780477614,83.73836477
United States,2020,76.9804878,64411,North America,331526933,4.808962558,84.08909418
United States,2023,78.38536585,82769,North America,334914895,4.917869871,85.43004815
Indonesia,1969,52.588,74,East Asia & Pacific,112517639,1.869811242,47.89991186
Indonesia,1972,54.364,90,East Asia & Pacific,122039841,1.954795906,48.94631103
Indonesia,1975,55.998,231,East Asia & Pacific,131843848,2.363724996,53.98137313
Indonesia,1978,57.607,362,East Asia & Pacific,141953163,2.559288578,56.3893084
Indonesia,1981,59.096,560,East Asia & Pacific,152485035,2.748831497,58.72311246
Indonesia,1984,60.891,519,East Asia & Pacific,163251124,2.715814604,58.31658206
Indonesia,1987,62.087,437,East Asia & Pacific,173511154,2.641083814,57.39643679
Indonesia,1990,63.249,578,East Asia & Pacific,183501098,2.762243392,58.88825044
Indonesia,1993,64.851,817,East Asia & Pacific,193305168,2.912432039,60.73749321
Indonesia,1996,65.465,1118,East Asia & Pacific,203204348,3.048799553,62.41655914
Indonesia,1999,66.001,657,East Asia & Pacific,213004668,2.817743106,59.57160732
Indonesia,2002,66.954,881,East Asia & Pacific,222088495,2.944977345,61.13821705
Indonesia,2005,67.531,1238,East Asia & Pacific,230871650,3.092795877,62.95827707
Indonesia,2008,68.085,2124,East Asia & Pacific,240157903,3.327267946,65.84528477
Indonesia,2011,68.629,3579,East Asia & Pacific,249470032,3.55381805,68.63475089
Indonesia,2014,69.292,3441,East Asia & Pacific,258877399,3.536693266,68.42389685
Indonesia,2017,69.953,3798,East Asia & Pacific,267346658,3.579655948,68.95288776
Indonesia,2020,68.817,3853,East Asia & Pacific,274814866,3.585878228,69.02950145
Indonesia,2023,71.146,4876,East Asia & Pacific,281190067,3.688091692,70.28803539
Pakistan,1960,44.101,82,South Asia,45709310,1.913941474,48.44327858
Pakistan,1963,46.761,93,South Asia,49447776,1.97151183,49.15213086
Pakistan,1966,49.797,122,South Asia,53678667,2.087175516,50.57627469
Pakistan,1969,52.316,148,South Asia,58460939,2.171809833,51.61836011
Pakistan,1972,53.824,148,South Asia,63583194,2.170478739,51.60197062
Pakistan,1975,54.722,161,South Asia,69461175,2.208661068,52.072102
Pakistan,1978,56.072,233,South Asia,76307379,2.368134328,54.03566435
Pakistan,1981,57.764,327,South Asia,85802049,2.515218028,55.84667654
Pakistan,1984,58.921,327,South Asia,95164936,2.515006541,55.84407254
Pakistan,1987,59.222,317,South Asia,105130717,2.501386126,55.67636709
Pakistan,1990,59.728,344,South Asia,116155576,2.537133091,56.11651232
Pakistan,1993,60.083,407,South Asia,127020117,2.610541078,57.02037019
Pakistan,1996,60.466,456,South Asia,138557092,2.659913313,57.62828064
Pakistan,1999,61.54,418,South Asia,150565377,2.621435178,57.15450706
Pakistan,2002,62.556,599,South Asia,163222549,2.778105897,59.08356229
Pakistan,2005,62.416,827,South Asia,175453212,2.917830904,60.80396835
Pakistan,2008,64.002,1067,South Asia,189499113,3.028182021,62.16269959
Pakistan,2011,64.659,1131,South Asia,203746065,3.0537448,62.47744897
Pakistan,2014,65.374,1266,South Asia,214264647,3.102644081,63.07953604
Pakistan,2017,66.223,1519,South Asia,223273967,3.181624841,64.05201034
Pakistan,2020,65.701,1278,South Asia,235001746,3.106665862,63.12905543
Pakistan,2023,67.649,1365,South Asia,247504495,3.135220911,63.48064803
Nigeria,1960,37.207,93,Sub-Saharan Africa,45053782,1.969122287,49.1227089
Nigeria,1963,37.806,107,Sub-Saharan Africa,47973575,2.032117871,49.89836092
Nigeria,1966,38.355,124,Sub-Saharan Africa,51188234,2.094759073,50.66964951
Nigeria,1969,38.946,121,Sub-Saharan Africa,54631914,2.084349826,50.54148254
Nigeria,1972,41.273,209,Sub-Saharan Africa,58601748,2.321090268,53.45642025
Nigeria,1975,43.054,438,Sub-Saharan Africa,63410815,2.641552251,57.40220456
Nigeria,1978,45.348,526,Sub-Saharan Africa,69326532,2.72172478,58.38935287
Nigeria,1981,46.309,2162,Sub-Saharan Africa,76068103,3.334897862,65.9392304
Nigeria,1984,46.339,890,Sub-Saharan Africa,82526443,2.949601786,61.19515687
Nigeria,1987,45.89,587,Sub-Saharan Africa,89591716,2.76934528,58.97569456
Nigeria,1990,45.733,556,Sub-Saharan Africa,97120925,2.745368738,58.6804762
Nigeria,1993,45.783,539,Sub-Saharan Africa,105122069,2.732050372,58.51648982
Nigeria,1996,45.833,1632,Sub-Saharan Africa,113754779,3.212912961,64.43725471
Nigeria,1999,46.609,480,Sub-Saharan Africa,123047320,2.681846443,57.89833888
Nigeria,2002,48.02,712,Sub-Saharan Africa,133471989,2.852580536,60.00055362
Nigeria,2005,49.538,1211,Sub-Saharan Africa,145017253,3.083279336,62.84110181
Nigeria,2008,50.748,2154,Sub-Saharan Africa,157595014,3.333266957,65.91914939
Nigeria,2011,51.49,2418,Sub-Saharan Africa,171379598,3.383530499,66.53803433
Nigeria,2014,51.94,3088,Sub-Saharan Africa,185896915,3.489778725,67.84624749
Nigeria,2017,52.397,1876,Sub-Saharan Africa,200254579,3.2733116,65.18093107
Nigeria,2020,53.072,2019,Sub-Saharan Africa,213996181,3.305277633,65.57452244
Nigeria,2023,54.462,1596,Sub-Saharan Africa,227882945,3.203206179,64.31773704
Brazil,1960,53.162,235,Latin America & Caribbean,72388126,2.371559186,54.07783395
Brazil,1963,54.452,294,Latin America & Caribbean,79164235,2.468597819,55.27265123
Brazil,1966,55.625,328,Latin America & Caribbean,86139359,2.516328809,55.86035336
Brazil,1969,56.898,399,Latin America & Caribbean,93045777,2.601515065,56.90923469
Brazil,1972,58.255,583,Latin America & Caribbean,100146797,2.766034932,58.93493491
Brazil,1975,59.556,1200,Latin America & Caribbean,107619565,3.079383232,62.79312986
Brazil,1978,60.922,1732,Latin America & Caribbean,115600942,3.238673274,64.75443629
Brazil,1981,62.267,2079,Latin America & Caribbean,124063109,3.318002589,65.73120228
Brazil,1984,63.553,1419,Latin America & Caribbean,132658864,3.152206232,63.68978489
Brazil,1987,64.785,2006,Latin America & Caribbean,141104944,3.302331418,65.53824628
Brazil,1990,65.862,3117,Latin America & Caribbean,149143223,3.493839247,67.89624388
Brazil,1993,66.892,2348,Latin America & Caribbean,156794577,3.370861288,66.38204087
Brazil,1996,68.108,5179,Latin America & Caribbean,164202549,3.714256856,70.61020182
Brazil,1999,69.211,3493,Latin America & Caribbean,171641543,3.543269652,68.50487057
Brazil,2002,70.396,2855,Latin America & Caribbean,178503484,3.455749108,67.42724762
Brazil,2005,71.832,4827,Latin America & Caribbean,184688101,3.683747627,70.23454778
Brazil,2008,73.111,8908,Latin America & Caribbean,190367302,3.949796383,73.5103529
Brazil,2011,74.047,13396,Latin America & Caribbean,195284734,4.12699538,75.69216871
Brazil,2014,74.823,12274,Latin America & Caribbean,200085127,4.089021287,75.2246013
Brazil,2017,75.383,10080,Latin America & Caribbean,204703445,4.003482474,74.17137901
Brazil,2020,74.506,7074,Latin America & Caribbean,208660842,3.849676952,72.27760237
Brazil,2023,75.848,10294,Latin America & Caribbean,211140729,4.012620727,74.28389649
Bangladesh,1960,43.98,82,South Asia,51828660,1.916355378,48.4730005
Bangladesh,1963,45.722,94,South Asia,56504402,1.973785147,49.18012176
Bangladesh,1966,47.644,104,South Asia,61669806,2.018792234,49.73428502
Bangladesh,1969,48.686,125,South Asia,67294133,2.09995781,50.73366052
Bangladesh,1972,49.647,87,South Asia,71641519,1.943364728,48.80556122
Bangladesh,1975,50.627,249,South Asia,77854351,2.39759983,54.39846719
Bangladesh,1978,51.596,158,South Asia,83889655,2.199547454,51.95988789
Bangladesh,1981,52.638,224,South Asia,90303105,2.350715781,53.82119327
Bangladesh,1984,53.826,193,South Asia,97814966,2.286535105,53.03094944
Bangladesh,1987,54.899,231,South Asia,104959291,2.364550216,53.9915339
Bangladesh,1990,55.822,283,South Asia,111633717,2.451868893,55.06667131
Bangladesh,1993,57.073,280,South Asia,118132360,2.448331018,55.02311016
Bangladesh,1996,58.94,371,South Asia,124862179,2.570447125,56.52670136
Bangladesh,1999,61.244,388,South Asia,132108065,2.588938813,56.75438582
Bangladesh,2002,63.591,393,South Asia,138933658,2.59537101,56.83358417
Bangladesh,2005,65.509,480,South Asia,144715786,2.681318906,57.89184343
Bangladesh,2008,67.047,613,South Asia,149474264,2.787504427,59.19928451
Bangladesh,2011,68.499,837,South Asia,153591076,2.922900253,60.86638624
Bangladesh,2014,70.016,1094,South Asia,157964929,3.039200686,62.29837021
Bangladesh,2017,71.606,1811,South Asia,162186147,3.257938166,64.99164105
Bangladesh,2020,71.421,2248,South Asia,166298024,3.351960641,66.14932098
Bangladesh,2023,74.672,2551,South Asia,171466990,3.406713476,66.82348169
Russian Federation,2008,67.94926829,11635,Europe & Central Asia,142742366,4.065776995,74.93839898
Russian Federation,2011,69.68390244,14305,Europe & Central Asia,143018195,4.155497942,76.04311506
Russian Federation,2005,65.5297561,5323,Europe & Central Asia,143518814,3.726193594,70.75717648
Russian Federation,2023,73.25463415,13817,Europe & Central Asia,143826130,4.1404152,75.85740427
Russian Federation,2014,70.74365854,14055,Europe & Central Asia,144237223,4.147845455,75.94889152
Russian Federation,2020,71.33878049,10108,Europe & Central Asia,145245148,4.004679289,74.18611515
Russian Federation,2017,72.45146341,10658,Europe & Central Asia,145293260,4.027712921,74.46972365
Russian Federation,2002,65.12878049,2377,Europe & Central Asia,145306497,3.376125922,66.44686325
Russian Federation,1999,65.98219512,1330,Europe & Central Asia,147214776,3.124098825,63.34370401
Russian Federation,1990,68.88609756,3494,Europe & Central Asia,147969406,3.54333076,68.50562298
Russian Federation,1996,65.85414634,2643,Europe & Central Asia,148160129,3.422249821,67.0147776
Russian Federation,1993,64.93585366,2930,Europe & Central Asia,148458777,3.466966943,67.56537058
Mexico,1960,53.573,355,Latin America & Caribbean,36724615,2.55032034,56.27888428
Mexico,1963,55.501,419,Latin America & Caribbean,40424065,2.622785864,57.17113779
Mexico,1966,57.355,544,Latin America & Caribbean,44629106,2.736345383,58.56937343
Mexico,1969,58.413,659,Latin America & Caribbean,49233194,2.819358009,59.59149129
Mexico,1972,60.051,836,Latin America & Caribbean,54030168,2.922502117,60.86148407
Mexico,1975,61.883,1491,Latin America & Caribbean,58982400,3.173760232,63.95517498
Mexico,1978,63.435,1604,Latin America & Caribbean,63979046,3.205315145,64.34370432
Mexico,1981,64.722,3829,Latin America & Caribbean,68892108,3.583101741,68.99531512
Mexico,1984,66.215,2506,Latin America & Caribbean,73506846,3.399034341,66.72893003
Mexico,1987,67.904,1888,Latin America & Caribbean,78136651,3.276062516,65.21480255
Mexico,1990,69.034,3154,Latin America & Caribbean,82820170,3.498926292,67.95887965
Mexico,1993,69.961,6048,Latin America & Caribbean,87653807,3.7816368,71.43983759
Mexico,1996,71.088,4674,Latin America & Caribbean,92452702,3.669722893,70.06186404
Mexico,1999,72.203,6499,Latin America & Caribbean,97115707,3.812911474,71.8249164
Mexico,2002,73.106,7983,Latin America & Caribbean,101548624,3.902167978,72.92391388
Mexico,2005,73.627,8671,Latin America & Caribbean,105811504,3.938107196,73.36642628
Mexico,2008,73.695,10523,Latin America & Caribbean,110374288,4.022171288,74.40149063
Mexico,2011,73.921,10664,Latin America & Caribbean,115243504,4.027940271,74.47252297
Mexico,2014,74.404,11391,Latin America & Caribbean,119784261,4.056576238,74.8251119
Mexico,2017,74.261,9649,Latin America & Caribbean,123400057,3.984494826,73.93758789
Mexico,2020,70.449,8841,Latin America & Caribbean,126799054,3.94651469,73.46994608
Mexico,2023,75.069,13790,Latin America & Caribbean,129739759,4.139565033,75.84693634
Ethiopia,1960,39.615,75,Sub-Saharan Africa,21376693,1.877023362,47.98871325
Ethiopia,1963,40.967,79,Sub-Saharan Africa,23051637,1.898575096,48.25407544
Ethiopia,1966,39.343,93,Sub-Saharan Africa,24952689,1.969205922,49.12373868
Ethiopia,1969,42.131,102,Sub-Saharan Africa,27072571,2.009791474,49.62346046
Ethiopia,1972,41.035,119,Sub-Saharan Africa,29374608,2.07860179,50.47070812
Ethiopia,1975,38.941,144,Sub-Saharan Africa,31723252,2.159207752,51.46319321
Ethiopia,1978,41.506,178,Sub-Saharan Africa,33734592,2.251157385,52.59535065
Ethiopia,1981,43.084,212,Sub-Saharan Africa,35304012,2.327680741,53.53756743
Ethiopia,1984,36.737,214,Sub-Saharan Africa,38735722,2.330877978,53.57693437
Ethiopia,1987,45.892,254,Sub-Saharan Africa,42460039,2.405041119,54.49009029
Ethiopia,1990,45.117,262,Sub-Saharan Africa,47609755,2.418481886,54.65558377
Ethiopia,1993,47.676,168,Sub-Saharan Africa,53708891,2.226652485,52.29362672
Ethiopia,1996,48.697,147,Sub-Saharan Africa,59467635,2.168283698,51.57494352
Ethiopia,1999,49.486,120,Sub-Saharan Africa,65374561,2.081831861,50.51047934
Ethiopia,2002,52.085,109,Sub-Saharan Africa,71635517,2.03978604,49.99277755
Ethiopia,2005,54.364,158,Sub-Saharan Africa,78367470,2.199325765,51.95715828
Ethiopia,2008,57.733,316,Sub-Saharan Africa,85543668,2.500250853,55.6623887
Ethiopia,2011,60.595,343,Sub-Saharan Africa,93149970,2.5353257,56.09425828
Ethiopia,2014,62.927,549,Sub-Saharan Africa,101115610,2.74035209,58.61870721
Ethiopia,2017,64.766,745,Sub-Saharan Africa,109666481,2.8725248,60.24612336
Ethiopia,2020,65.969,905,Sub-Saharan Africa,118917671,2.956798841,61.28377277
Ethiopia,2023,67.315,1272,Sub-Saharan Africa,128691692,3.10449267,63.10229735
Japan,1960,67.69560976,508,East Asia & Pacific,93216000,2.70646411,58.20145129
Japan,1963,69.71243902,775,East Asia & Pacific,95900000,2.88963339,60.456778
Japan,1966,70.91585366,1143,East Asia & Pacific,98851000,3.058277145,62.53325483
Japan,1969,71.85804878,1802,East Asia & Pacific,102219000,3.255990977,64.9676657
Japan,1972,73.15365854,3031,East Asia & Pacific,107188000,3.481648777,67.74614506
Japan,1975,74.24707317,4775,East Asia & Pacific,111573000,3.679055183,70.17677066
Japan,1978,75.58463415,9012,East Asia & Pacific,114913000,3.954827739,73.57230298
Japan,1981,76.39487805,10583,East Asia & Pacific,117661000,4.024614044,74.4315678
Japan,1984,77.29121951,11207,East Asia & Pacific,120083000,4.049506901,74.73806857
Japan,1987,78.4295122,21141,East Asia & Pacific,122069000,4.325140284,78.13188729
Japan,1990,78.83707317,25801,East Asia & Pacific,123478000,4.411643188,79.19698025
Japan,2023,84.04121951,33766,East Asia & Pacific,124516650,4.528486392,80.63564725
Japan,1993,79.30365854,36345,East Asia & Pacific,124829000,4.56044759,81.02917909
Japan,1996,80.2197561,39150,East Asia & Pacific,125757000,4.592732206,81.42669311
Japan,2020,84.56,40040,East Asia & Pacific,126261000,4.602502372,81.54699121
Japan,1999,80.46097561,36610,East Asia & Pacific,126631000,4.563601726,81.06801533
Japan,2017,84.0997561,38834,East Asia & Pacific,126972000,4.589212718,81.38335835
Japan,2014,83.58780488,38475,East Asia & Pacific,127276000,4.58518309,81.33374235
Japan,2002,81.69073171,32820,East Asia & Pacific,127445000,4.516149079,80.48374038
Japan,2005,81.95512195,37812,East Asia & Pacific,127773000,4.577639929,81.24086492
Japan,2011,82.59121951,48760,East Asia & Pacific,127833000,4.6880644,82.60049934
Japan,2008,82.58756098,39876,East Asia & Pacific,128063000,4.600714898,81.5249824
Philippines,1960,59.175,269,East Asia & Pacific,27891897,2.4305026,54.80359241
Philippines,1963,60.018,179,East Asia & Pacific,30674731,2.253978394,52.63008517
Philippines,1966,60.623,213,East Asia & Pacific,33617170,2.330108414,53.56745888
Philippines,1969,60.981,261,East Asia & Pacific,36660799,2.416791719,54.63477308
Philippines,1972,60.911,230,East Asia & Pacific,39408560,2.36191211,53.95905143
Philippines,1975,60.904,400,East Asia & Pacific,42120826,2.602753096,56.92447832
Philippines,1978,61.531,565,East Asia & Pacific,45575281,2.752254007,58.76525314
Philippines,1981,61.942,821,East Asia & Pacific,49311727,2.914498257,60.76293414
Philippines,1984,62.426,665,East Asia & Pacific,53726181,2.822849302,59.63447889
Philippines,1987,63.299,649,East Asia & Pacific,58157496,2.8127883,59.51059978
Philippines,1990,64.382,803,East Asia & Pacific,62854666,2.905025114,60.64629322
Philippines,1993,65.661,918,East Asia & Pacific,67530621,2.963146748,61.36193328
Philippines,1996,66.691,1311,East Asia & Pacific,72190242,3.117633331,63.26409568
Philippines,1999,67.503,1101,East Asia & Pacific,77753257,3.041958936,62.33233199
Philippines,2002,67.886,1014,East Asia & Pacific,83068889,3.006427015,61.89483455
Philippines,2005,68.423,1220,East Asia & Pacific,88015962,3.086523616,62.88104798
Philippines,2008,68.643,1959,East Asia & Pacific,92699095,3.29209924,65.41225952
Philippines,2011,69.096,2383,East Asia & Pacific,98248614,3.377291481,66.46121455
Philippines,2014,69.311,2866,East Asia & Pacific,103767130,3.457403158,67.4476136
Philippines,2017,69.966,3038,East Asia & Pacific,108119693,3.482605102,67.7579201
Philippines,2020,70.097,3227,East Asia & Pacific,112081264,3.508876895,68.08139943
Philippines,2023,69.833,3804,East Asia & Pacific,114891199,3.580340117,68.96131179
"Egypt, Arab Rep.",1960,44.436,156,Middle East & North Africa,26896479,2.194201734,51.89406711
"Egypt, Arab Rep.",1963,46.493,143,Middle East & North Africa,29091869,2.158146493,51.45012614
"Egypt, Arab Rep.",1966,47.988,168,Middle East & North Africa,31406541,2.22544974,52.27881756
"Egypt, Arab Rep.",1969,48.7,192,Middle East & North Africa,33811615,2.285478339,53.01793769
"Egypt, Arab Rep.",1972,49.908,256,Middle East & North Africa,36258328,2.409058273,54.5395527
"Egypt, Arab Rep.",1975,51.734,299,Middle East & North Africa,38875327,2.475987017,55.36363294
"Egypt, Arab Rep.",1978,54.075,354,Middle East & North Africa,41761431,2.549829654,56.27284256
"Egypt, Arab Rep.",1981,56.454,490,Middle East & North Africa,45147224,2.690469685,58.00451514
"Egypt, Arab Rep.",1984,58.697,689,Middle East & North Africa,49247334,2.838728022,59.82999039
"Egypt, Arab Rep.",1987,60.736,753,Middle East & North Africa,53674435,2.877211344,60.30382784
"Egypt, Arab Rep.",1990,62.513,735,Middle East & North Africa,58396618,2.866867745,60.17646917
"Egypt, Arab Rep.",1993,64.147,740,Middle East & North Africa,62915681,2.869427822,60.20799089
"Egypt, Arab Rep.",1996,65.733,1008,Middle East & North Africa,67028048,3.003880998,61.86348595
"Egypt, Arab Rep.",1999,67.01,1268,Middle East & North Africa,71520954,3.103225243,63.08669177
"Egypt, Arab Rep.",2002,67.846,1116,Middle East & North Africa,76239137,3.047986623,62.40654969
"Egypt, Arab Rep.",2005,68.355,1104,Middle East & North Africa,81101004,3.043285005,62.34865961
"Egypt, Arab Rep.",2008,68.761,1896,Middle East & North Africa,85864789,3.277887794,65.23727683
"Egypt, Arab Rep.",2011,69.232,2590,Middle East & North Africa,91093059,3.413407712,66.90590648
"Egypt, Arab Rep.",2014,69.911,3133,Middle East & North Africa,97528654,3.496014595,67.92302851
"Egypt, Arab Rep.",2017,70.709,2395,Middle East & North Africa,103696057,3.379324255,66.48624369
"Egypt, Arab Rep.",2020,69.79,3511,Middle East & North Africa,109315124,3.545444907,68.53165405
"Egypt, Arab Rep.",2023,71.633,3457,Middle East & North Africa,114535772,3.538756777,68.44930444
"Congo, Dem. Rep.",1960,40.752,220,Sub-Saharan Africa,15264846,2.342569823,53.72089372
"Congo, Dem. Rep.",1963,40.604,376,Sub-Saharan Africa,16507599,2.575630426,56.59052231
"Congo, Dem. Rep.",1966,42.169,252,Sub-Saharan Africa,17931929,2.40272615,54.46158654
"Congo, Dem. Rep.",1969,42.959,257,Sub-Saharan Africa,19570445,2.410177471,54.55333316
"Congo, Dem. Rep.",1972,43.869,290,Sub-Saharan Africa,21251160,2.463163782,55.20574302
"Congo, Dem. Rep.",1975,44.53,444,Sub-Saharan Africa,23021101,2.648061172,57.4823476
"Congo, Dem. Rep.",1978,44.628,615,Sub-Saharan Africa,24992689,2.788934568,59.21689355
"Congo, Dem. Rep.",1981,45.726,455,Sub-Saharan Africa,27500515,2.65888124,57.61557293
"Congo, Dem. Rep.",1984,46.514,259,Sub-Saharan Africa,30245081,2.414642305,54.60830777
"Congo, Dem. Rep.",1987,47.362,230,Sub-Saharan Africa,33298904,2.361890979,53.95879125
"Congo, Dem. Rep.",1990,48.538,254,Sub-Saharan Africa,36684063,2.406323245,54.50587685
"Congo, Dem. Rep.",1993,49.621,263,Sub-Saharan Africa,40656336,2.420571703,54.68131526
"Congo, Dem. Rep.",1996,49.376,127,Sub-Saharan Africa,45296124,2.105224268,50.79850537
"Congo, Dem. Rep.",1999,50.089,96,Sub-Saharan Africa,48912971,1.983712977,49.30236114
"Congo, Dem. Rep.",2002,52.371,162,Sub-Saharan Africa,53750524,2.210533952,52.09516244
"Congo, Dem. Rep.",2005,54.001,203,Sub-Saharan Africa,58775724,2.308696003,53.30381215
"Congo, Dem. Rep.",2008,55.388,307,Sub-Saharan Africa,64390664,2.487590314,55.50650202
"Congo, Dem. Rep.",2011,56.911,364,Sub-Saharan Africa,70849311,2.561952663,56.42211075
"Congo, Dem. Rep.",2014,58.236,458,Sub-Saharan Africa,78403242,2.660869785,57.64005749
"Congo, Dem. Rep.",2017,59.495,436,Sub-Saharan Africa,87083398,2.640068347,57.38393354
"Congo, Dem. Rep.",2020,60.428,507,Sub-Saharan Africa,95989998,2.705454214,58.18901665
"Congo, Dem. Rep.",2023,61.895,627,Sub-Saharan Africa,105789731,2.79761524,59.32377693
Viet Nam,1987,68.005,595,East Asia & Pacific,61584651,2.774697572,59.04159626
Viet Nam,1990,69.027,98,East Asia & Pacific,65504552,1.994749635,49.43825331
Viet Nam,1993,69.957,189,East Asia & Pacific,69586384,2.277422562,52.91874852
Viet Nam,1996,71.296,337,East Asia & Pacific,73156447,2.527695919,56.00031431
Viet Nam,1999,72.575,375,East Asia & Pacific,76287452,2.575181441,56.58499405
Viet Nam,2002,73.138,445,East Asia & Pacific,78772224,2.648489657,57.48762345
Viet Nam,2005,73.198,710,East Asia & Pacific,81088313,2.851714889,59.98989509
Viet Nam,2008,73.455,1163,East Asia & Pacific,85175788,3.065890278,62.62699381
Viet Nam,2011,73.713,1950,East Asia & Pacific,88468314,3.290240583,65.38937425
Viet Nam,2014,73.886,2546,East Asia & Pacific,91679578,3.405924007,66.81376111
Viet Nam,2017,74.026,2956,East Asia & Pacific,95176977,3.470720579,67.61158835
Viet Nam,2020,75.383,3534,East Asia & Pacific,98079191,3.548271404,68.56645614
Viet Nam,2023,74.588,4282,East Asia & Pacific,100352192,3.631655641,69.59314958
"Iran, Islamic Rep.",1960,43.297,195,Middle East & North Africa,21470434,2.291318951,53.08985198
"Iran, Islamic Rep.",1963,45.105,209,Middle East & North Africa,23519005,2.321307097,53.45909002
"Iran, Islamic Rep.",1966,47.072,262,Middle East & North Africa,25829270,2.41975372,54.6712436
"Iran, Islamic Rep.",1969,49.382,344,Middle East & North Africa,28273482,2.5373174,56.11878168
"Iran, Islamic Rep.",1972,51.729,554,Middle East & North Africa,30921179,2.744095772,58.66480242
"Iran, Islamic Rep.",1975,54.819,1531,Middle East & North Africa,33802973,3.185175462,64.09572843
"Iran, Islamic Rep.",1978,56.042,2100,Middle East & North Africa,37126535,3.322378539,65.78508247
"Iran, Islamic Rep.",1981,56.625,2393,Middle East & North Africa,41989312,3.379024333,66.48255081
"Iran, Islamic Rep.",1984,60.875,3395,Middle East & North Africa,47793998,3.530882883,68.35235476
"Iran, Islamic Rep.",1987,62.685,2513,Middle East & North Africa,53323493,3.400218603,66.74351162
"Iran, Islamic Rep.",1990,64.066,2137,Middle East & North Africa,58380092,3.329995965,65.87887432
"Iran, Islamic Rep.",1993,67.037,1038,Middle East & North Africa,61403543,3.016243315,62.01570069
"Iran, Islamic Rep.",1996,68.328,1914,Middle East & North Africa,62881300,3.282119158,65.28937677
"Iran, Islamic Rep.",1999,69.686,1739,Middle East & North Africa,65445391,3.240448056,64.77628882
"Iran, Islamic Rep.",2002,71.112,1891,Middle East & North Africa,68011317,3.276750677,65.22327574
"Iran, Islamic Rep.",2005,72.446,3132,Middle East & North Africa,71828455,3.4958288,67.92074085
"Iran, Islamic Rep.",2008,73.683,5377,Middle East & North Africa,75514204,3.730573272,70.81110258
"Iran, Islamic Rep.",2011,74.721,8025,Middle East & North Africa,78383598,3.904482242,72.95240895
"Iran, Islamic Rep.",2014,75.635,5672,Middle East & North Africa,81502045,3.753741102,71.09636344
"Iran, Islamic Rep.",2017,76.396,5753,Middle East & North Africa,85026754,3.759903089,71.17223475
"Iran, Islamic Rep.",2020,74.141,2988,Middle East & North Africa,87723443,3.475494126,67.67036407
"Iran, Islamic Rep.",2023,77.654,4465,Middle East & North Africa,90608707,3.649883483,69.81758535
Germany,1960,69.06407317,1162,Europe & Central Asia,72814900,3.065251973,62.61913449
Germany,1963,69.91407317,1502,Europe & Central Asia,74714353,3.176714612,63.99155167
Germany,1966,70.52158537,1870,Europe & Central Asia,76600311,3.272028615,65.16513393
Germany,1987,74.80702439,16738,Europe & Central Asia,77839920,4.223719476,76.88311316
Germany,1984,74.07229268,9347,Europe & Central Asia,77858685,3.970685749,73.76755949
Germany,1969,70.22880488,2281,Europe & Central Asia,77909682,3.358177828,66.22587196
Germany,1978,72.29041463,9516,Europe & Central Asia,78091820,3.978490159,73.86365363
Germany,1981,73.04021951,10246,Europe & Central Asia,78407907,4.010574559,74.25870243
Germany,1975,71.2592439,6259,Europe & Central Asia,78673554,3.796519345,71.62308339
Germany,1972,70.90670732,3823,Europe & Central Asia,78688452,3.582511106,68.98804275
Germany,1990,75.08563415,22385,Europe & Central Asia,79433029,4.349970249,78.43761368
Germany,2011,80.43658537,47646,Europe & Central Asia,80274983,4.678031752,82.47696936
Germany,2014,81.0902439,48971,Europe & Central Asia,80982500,4.689939704,82.62358959
Germany,1993,75.87073171,25616,Europe & Central Asia,81156363,4.408522349,79.15855398
Germany,1996,76.67317073,30599,Europe & Central Asia,81914831,4.485718433,80.10905392
Germany,1999,77.72682927,26965,Europe & Central Asia,82100243,4.430808353,79.43295709
Germany,2008,79.73658537,46386,Europe & Central Asia,82110097,4.666390009,82.3336269
Germany,2005,78.93170732,35084,Europe & Central Asia,82469422,4.545114504,80.84038586
Germany,2002,78.22926829,25486,Europe & Central Asia,82488495,4.406311804,79.13133598
Germany,2017,80.99268293,45526,Europe & Central Asia,82657002,4.658265217,82.23358796
Germany,2020,81.04146341,47379,Europe & Central Asia,83160871,4.675592904,82.44694031
Germany,2023,80.54146341,54343,Europe & Central Asia,83280000,4.73514542,83.18019853
Thailand,1960,50.608,102,East Asia & Pacific,26851747,2.01205467,49.65132674
Thailand,1963,51.988,120,East Asia & Pacific,29342322,2.081558277,50.50711075
Thailand,1966,53.729,164,East Asia & Pacific,32086071,2.21625411,52.16559361
Thailand,1969,55.705,191,East Asia & Pacific,34973782,2.282029815,52.97547671
Thailand,1972,57.746,215,East Asia & Pacific,37933929,2.333612543,53.61060452
Thailand,1975,59.713,363,East Asia & Pacific,40940005,2.560535896,56.40466638
Thailand,1978,61.266,548,East Asia & Pacific,43788976,2.738965263,58.60163149
Thailand,1981,62.856,748,East Asia & Pacific,46575855,2.873992585,60.2641959
Thailand,1984,65.55,846,East Asia & Pacific,49351708,2.927849654,60.92732722
Thailand,1987,67.833,970,East Asia & Pacific,52074105,2.986974293,61.65531707
Thailand,1990,68.924,1559,East Asia & Pacific,54738329,3.19287734,64.19056011
Thailand,1993,69.568,2245,East Asia & Pacific,57408198,3.351242825,66.14048266
Thailand,1996,69.94,3054,East Asia & Pacific,59920064,3.484962438,67.78694551
Thailand,1999,70.979,2033,East Asia & Pacific,62299043,3.308189693,65.61037805
Thailand,2002,71.775,2089,East Asia & Pacific,64266437,3.320094714,65.75696219
Thailand,2005,72.894,2867,East Asia & Pacific,66017420,3.457534297,67.44922829
Thailand,2008,74.221,4309,East Asia & Pacific,67619830,3.63439011,69.62681855
Thailand,2011,75.302,5373,East Asia & Pacific,69007208,3.730267217,70.80733419
Thailand,2014,76.279,5801,East Asia & Pacific,70216367,3.76351768,71.21674049
Thailand,2017,76.989,6413,East Asia & Pacific,71160187,3.807067458,71.7529602
Thailand,2020,77.331,6985,East Asia & Pacific,71641484,3.844206446,72.21024513
Thailand,2023,76.412,7182,East Asia & Pacific,71702435,3.856246928,72.35849718
United Kingdom,1960,71.12682927,1397,Europe & Central Asia,52400000,3.145381277,63.60575059
United Kingdom,1963,70.82682927,1613,Europe & Central Asia,53650000,3.207757364,64.37377487
United Kingdom,1966,71.57317073,1986,Europe & Central Asia,54648500,3.298142601,65.48667022
United Kingdom,1969,71.72195122,2100,Europe & Central Asia,55441750,3.322357393,65.78482211
United Kingdom,1972,72.12439024,3030,Europe & Central Asia,56086065,3.481504617,67.74437005
United Kingdom,1978,73.17560976,5976,Europe & Central Asia,56196504,3.776478763,71.37632771
United Kingdom,1975,72.72439024,4299,Europe & Central Asia,56225800,3.633442763,69.61515405
United Kingdom,1981,74.02682927,9599,Europe & Central Asia,56333829,3.982239846,73.90982278
United Kingdom,1984,74.77804878,8179,Europe & Central Asia,56422072,3.912710533,73.05372225
United Kingdom,1987,75.2804878,13118,Europe & Central Asia,56802050,4.117887044,75.5800196
United Kingdom,1990,75.8804878,19095,Europe & Central Asia,57247586,4.280930284,77.5875384
United Kingdom,1993,76.38536585,18389,Europe & Central Asia,57718614,4.264558575,77.38595682
United Kingdom,1996,77.08780488,24406,Europe & Central Asia,58166950,4.38750373,78.89975593
United Kingdom,1999,77.3902439,28762,Europe & Central Asia,58682466,4.458820461,79.77786457
United Kingdom,2002,78.14390244,30077,Europe & Central Asia,59370479,4.478245222,80.01703777
United Kingdom,2005,79.04878049,42104,Europe & Central Asia,60401206,4.62433149,81.81576877
United Kingdom,2008,79.6,47396,Europe & Central Asia,61806995,4.675742792,82.44878585
United Kingdom,2011,80.95121951,42109,Europe & Central Asia,63258810,4.624381548,81.81638512
United Kingdom,2014,81.30487805,47439,Europe & Central Asia,64602298,4.67614117,82.453691
United Kingdom,2017,81.25609756,40572,Europe & Central Asia,66058859,4.608227717,81.61748623
United Kingdom,2020,80.3317561,40201,Europe & Central Asia,67081234,4.604244216,81.56843818
United Kingdom,2023,81.23809756,49463,Europe & Central Asia,68350000,4.694287964,82.67712884
France,1960,69.86829268,1302,Europe & Central Asia,47412964,3.114788234,63.22906457
France,1963,70.51463415,1717,Europe & Central Asia,48877567,3.234948274,64.70857111
France,1966,70.96097561,2165,Europe & Central Asia,50311637,3.335472503,65.94630583
France,1969,71.45853659,2723,Europe & Central Asia,51536014,3.435138112,67.17346855
France,1972,72.10731707,3806,Europe & Central Asia,52962356,3.580570087,68.96414337
France,1975,72.85365854,6606,Europe & Central Asia,54002853,3.819984683,71.9120074
France,1978,73.60243902,9166,Europe & Central Asia,54734030,3.962207812,73.66317235
France,1981,74.3,10955,Europe & Central Asia,55603353,4.039648071,74.61667877
France,1984,75,9311,Europe & Central Asia,56383085,3.969038036,73.74727153
France,1987,75.8,16175,Europe & Central Asia,57266167,4.208863327,76.70019237
France,1990,76.6,21586,Europe & Central Asia,58261012,4.334181578,78.24321093
France,1993,77.3,22238,Europe & Central Asia,59103094,4.347111839,78.40241865
France,1996,77.95365854,26757,Europe & Central Asia,59754504,4.427447728,79.39157839
France,1999,78.75609756,24576,Europe & Central Asia,60501986,4.390516769,78.93685487
France,2002,79.26097561,24144,Europe & Central Asia,61812142,4.382819524,78.84208024
France,2005,80.16341463,34696,Europe & Central Asia,63180854,4.540284063,80.78090961
France,2008,81.21463415,45464,Europe & Central Asia,64375116,4.657675458,82.22632638
France,2011,82.11463415,43929,Europe & Central Asia,65340830,4.642759069,82.04266386
France,2014,82.7195122,43148,Europe & Central Asia,66312067,4.634961132,81.94664943
France,2017,82.57560976,38687,Europe & Central Asia,66918020,4.587566879,81.36309347
France,2020,82.17560976,39169,Europe & Central Asia,67601110,4.592952026,81.42939971
France,2023,82.92926829,44690,Europe & Central Asia,68287487,4.650219436,82.13452187
Tanzania,1960,42.596,275,Sub-Saharan Africa,9901419,2.439799934,54.91806863
Tanzania,1963,43.616,329,Sub-Saharan Africa,10799528,2.517209876,55.87120176
Tanzania,1966,44.941,380,Sub-Saharan Africa,11827459,2.580352293,56.64866171
Tanzania,1969,46.043,405,Sub-Saharan Africa,13036700,2.607938168,56.98832107
Tanzania,1972,47.436,246,Sub-Saharan Africa,14479308,2.391898481,54.32826762
Tanzania,1975,48.922,364,Sub-Saharan Africa,16138361,2.562257096,56.42585917
Tanzania,1978,50.351,529,Sub-Saharan Africa,17976566,2.723950959,58.41676337
Tanzania,1981,51.703,683,Sub-Saharan Africa,19784703,2.83500103,59.78410068
Tanzania,1984,52.151,609,Sub-Saharan Africa,21779066,2.784853574,59.16664509
Tanzania,1987,52.182,334,Sub-Saharan Africa,24030378,2.524815004,55.96484218
Tanzania,1990,51.985,243,Sub-Saharan Africa,26110207,2.386697888,54.26423376
Tanzania,1993,51.215,224,Sub-Saharan Africa,28332692,2.351199992,53.82715526
Tanzania,1996,51.132,313,Sub-Saharan Africa,30945762,2.496456904,55.61567457
Tanzania,1999,52.399,392,Sub-Saharan Africa,33300330,2.593974371,56.81638764
Tanzania,2002,54.94,402,Sub-Saharan Africa,36121304,2.604926676,56.95124118
Tanzania,2005,57.675,483,Sub-Saharan Africa,39182076,2.684248128,57.92791035
Tanzania,2008,59.896,675,Sub-Saharan Africa,42570728,2.82993207,59.72168759
Tanzania,2011,61.618,775,Sub-Saharan Africa,46029367,2.889521742,60.4554033
Tanzania,2014,63.364,1022,Sub-Saharan Africa,50351512,3.009768814,61.93598145
Tanzania,2017,64.963,986,Sub-Saharan Africa,55652890,2.994173689,61.7439618
Tanzania,2020,66.771,1117,Sub-Saharan Africa,60972798,3.048214607,62.40935681
Tanzania,2023,66.995,1224,Sub-Saharan Africa,66617606,3.087955109,62.89867367
South Africa,1960,52.575,532,Sub-Saharan Africa,16440172,2.72603203,58.44238718
South Africa,1963,53.895,604,Sub-Saharan Africa,17954564,2.781422783,59.12440244
South Africa,1966,54.731,721,Sub-Saharan Africa,19690087,2.858389055,60.07207276
South Africa,1969,55.44,890,Sub-Saharan Africa,21614676,2.949839727,61.19808659
South Africa,1972,56.377,1038,Sub-Saharan Africa,23609456,3.016362201,62.01716451
South Africa,1975,57.591,1670,Sub-Saharan Africa,25690940,3.222747201,64.55834174
South Africa,1978,58.991,1851,Sub-Saharan Africa,27869507,3.267582802,65.11039352
South Africa,1981,60.445,3049,Sub-Saharan Africa,30541044,3.484259219,67.77828691
South Africa,1984,61.837,2504,Sub-Saharan Africa,33892788,3.398647743,66.72416993
South Africa,1987,62.694,2586,Sub-Saharan Africa,37326190,3.412674573,66.89687948
South Africa,1990,62.942,3093,Sub-Saharan Africa,40746268,3.490448605,67.85449558
South Africa,1993,62.618,3399,Sub-Saharan Africa,43297156,3.531432943,68.35912754
South Africa,1996,61.079,3617,Sub-Saharan Africa,45123018,3.558414946,68.69135155
South Africa,1999,59.19,3242,Sub-Saharan Africa,46730335,3.510862345,68.10584588
South Africa,2002,55.58,2688,Sub-Saharan Africa,48019415,3.429467516,67.10364763
South Africa,2005,53.914,5836,Sub-Saharan Africa,49490033,3.766180514,71.24952743
South Africa,2008,55.982,6184,Sub-Saharan Africa,51114599,3.791322482,71.55909546
South Africa,2011,60.602,8646,Sub-Saharan Africa,52995205,3.93681803,73.35055304
South Africa,2014,63.184,6856,Sub-Saharan Africa,55594838,3.836117135,72.11064306
South Africa,2017,65.422,6618,Sub-Saharan Africa,57635162,3.820748751,71.92141522
South Africa,2020,65.15,5580,Sub-Saharan Africa,60562381,3.746681193,71.00943619
South Africa,2023,66.139,6022,Sub-Saharan Africa,63212384,3.779779876,71.41697366
Italy,1960,69.12390244,836,Europe & Central Asia,50199700,2.922676604,60.86363249
Italy,1963,69.24804878,1171,Europe & Central Asia,51252000,3.068700386,62.66159411
Italy,1966,70.92609756,1458,Europe & Central Asia,52519000,3.164039557,63.83548626
Italy,1969,70.81195122,1886,Europe & Central Asia,53537950,3.275645305,65.20966551
Italy,1972,72.07536585,2677,Europe & Central Asia,54381345,3.427696021,67.08183557
Italy,1975,72.64731707,4116,Europe & Central Asia,55441001,3.614523863,69.38220942
Italy,1978,73.69317073,5623,Europe & Central Asia,56155143,3.75000123,71.05031514
Italy,1981,74.35390244,7640,Europe & Central Asia,56501675,3.883116233,72.68933355
Italy,1984,75.3895122,7757,Europe & Central Asia,56576718,3.889724793,72.77070343
Italy,1987,76.2195122,14267,Europe & Central Asia,56601931,4.154349002,76.02896839
Italy,1990,76.97073171,20873,Europe & Central Asia,56719240,4.319601173,78.06368532
Italy,1993,77.72195122,18781,Europe & Central Asia,56831821,4.273740748,77.49901508
Italy,1996,78.52195122,23122,Europe & Central Asia,56860281,4.364042934,78.61088784
Italy,1999,79.42439024,22049,Europe & Central Asia,56916317,4.343408575,78.3568211
Italy,2002,80.22926829,22463,Europe & Central Asia,57059007,4.351477853,78.45617651
Italy,2005,80.78292683,32171,Europe & Central Asia,57969484,4.507475271,80.37694152
Italy,2008,81.48536585,41095,Europe & Central Asia,58826731,4.613793279,81.68601389
Italy,2023,83.7,39003,Europe & Central Asia,58993475,4.591101533,81.40661496
Italy,2011,82.18780488,38851,Europe & Central Asia,59379449,4.58940654,81.38574485
Italy,2020,82.19512195,32091,Europe & Central Asia,59438851,4.506389837,80.36357679
Italy,2017,82.94634146,32554,Europe & Central Asia,60536709,4.512606316,80.44011905
Italy,2014,83.0902439,35750,Europe & Central Asia,60789140,4.55328479,80.94098496
Kenya,1960,48.477,102,Sub-Saharan Africa,7695307,2.012096258,49.65183881
Kenya,1963,50.758,107,Sub-Saharan Africa,8627971,2.030978627,49.88433364
Kenya,1966,52.383,119,Sub-Saharan Africa,9717816,2.078578158,50.47041714
Kenya,1969,53.734,133,Sub-Saharan Africa,10939695,2.124865312,51.04034161
Kenya,1972,55.013,172,Sub-Saharan Africa,12206060,2.237146571,52.4228383
Kenya,1975,56.62,241,Sub-Saharan Africa,13511671,2.382421282,54.21157676
Kenya,1978,58.234,355,Sub-Saharan Africa,14934126,2.550402014,56.27988992
Kenya,1981,59.562,412,Sub-Saharan Africa,16601507,2.615827742,57.08546382
Kenya,1984,60.611,334,Sub-Saharan Africa,18514906,2.524269952,55.95813106
Kenya,1987,60.721,386,Sub-Saharan Africa,20616096,2.587296594,56.7341655
Kenya,1990,58.334,374,Sub-Saharan Africa,22892651,2.573404265,56.56311203
Kenya,1993,56.668,228,Sub-Saharan Africa,25117188,2.359831752,53.9334364
Kenya,1996,55.575,440,Sub-Saharan Africa,27344211,2.643972609,57.43200594
Kenya,1999,55.866,433,Sub-Saharan Africa,29733408,2.637210686,57.34874773
Kenya,2002,56.759,402,Sub-Saharan Africa,32629808,2.605236486,56.9550558
Kenya,2005,58.51,523,Sub-Saharan Africa,35796484,2.718880441,58.35433109
Kenya,2008,59.955,915,Sub-Saharan Africa,39206351,2.961679389,61.34386598
Kenya,2011,61.283,1096,Sub-Saharan Africa,42758461,3.039868006,62.30658678
Kenya,2014,61.99,1482,Sub-Saharan Africa,46051440,3.171087165,63.92226205
Kenya,2017,62.725,1667,Sub-Saharan Africa,49197766,3.222061798,64.54990251
Kenya,2020,61.596,1927,Sub-Saharan Africa,52217334,3.28503147,65.32523548
Kenya,2023,63.646,1952,Sub-Saharan Africa,55339003,3.290547573,65.39315416
Myanmar,1960,44.086,25,East Asia & Pacific,21730250,1.399410222,42.10795818
Myanmar,1963,45.951,25,East Asia & Pacific,23213408,1.411686771,42.25911687
Myanmar,1966,48.181,11,East Asia & Pacific,24836496,1.071930648,38.07576768
Myanmar,1969,50.02,21,East Asia & Pacific,26585112,1.332646832,41.28591391
Myanmar,1972,51.397,23,East Asia & Pacific,28428324,1.3672465,41.71193271
Myanmar,1975,52.493,35,East Asia & Pacific,30176565,1.546089522,43.91399107
Myanmar,1978,53.522,29,East Asia & Pacific,31972976,1.466218378,42.93055364
Myanmar,1981,54.699,32,East Asia & Pacific,33858783,1.516043014,43.54403442
Myanmar,1984,55.596,36,East Asia & Pacific,35899313,1.56021252,44.08788472
Myanmar,1987,56.353,41,East Asia & Pacific,37971594,1.614346765,44.75442885
Myanmar,1990,57.159,53,East Asia & Pacific,39817251,1.725278833,46.12031321
Myanmar,1993,58.032,76,East Asia & Pacific,41502429,1.882028427,48.05033962
Myanmar,1996,59.169,141,East Asia & Pacific,43154860,2.151974033,51.37412587
Myanmar,1999,60.107,189,East Asia & Pacific,44787724,2.277586653,52.92076894
Myanmar,2002,60.925,146,East Asia & Pacific,46232653,2.166129202,51.54841564
Myanmar,2005,61.72,252,East Asia & Pacific,47438365,2.402579794,54.45978449
Myanmar,2008,56.364,658,East Asia & Pacific,48390793,2.818517847,59.58114655
Myanmar,2011,63.859,1213,East Asia & Pacific,49419820,3.084085941,62.85103337
Myanmar,2014,64.994,1293,East Asia & Pacific,50681634,3.111598667,63.18979207
Myanmar,2017,65.909,1272,East Asia & Pacific,51894938,3.104767816,63.10568516
Myanmar,2020,66.612,1490,East Asia & Pacific,53016522,3.173249465,63.94888601
Myanmar,2023,66.889,1233,East Asia & Pacific,54133798,3.091032341,62.93656301
Colombia,1960,56.609,258,Latin America & Caribbean,15606209,2.412131861,54.57739718
Colombia,1963,58.296,282,Latin America & Caribbean,17113823,2.451154223,55.05787172
Colombia,1966,59.713,290,Latin America & Caribbean,18702688,2.462777295,55.20098428
Colombia,1969,61.031,317,Latin America & Caribbean,20291942,2.5022479,55.68697794
Colombia,1972,62.53,397,Latin America & Caribbean,21819563,2.599241105,56.88123588
Colombia,1975,64.012,561,Latin America & Caribbean,23344644,2.749038749,58.72566431
Colombia,1978,65.827,932,Latin America & Caribbean,24950337,2.969598862,61.44137687
Colombia,1981,67.189,1362,Latin America & Caribbean,26713267,3.13423556,63.4685156
Colombia,1984,68.308,1335,Latin America & Caribbean,28642690,3.125653069,63.36284111
Colombia,1987,68.166,1192,Latin America & Caribbean,30499467,3.076490539,62.75751271
Colombia,1990,68.701,1474,Latin America & Caribbean,32440069,3.168746536,63.89344235
Colombia,1993,69.083,1930,Latin America & Caribbean,34441473,3.285570757,65.33187562
Colombia,1996,70.209,2664,Latin America & Caribbean,36462745,3.425608594,67.0561335
Colombia,1999,70.913,2243,Latin America & Caribbean,38454863,3.350953571,66.13692113
Colombia,2002,71.537,2428,Latin America & Caribbean,40324680,3.385414945,66.56123713
Colombia,2005,73.156,3456,Latin America & Caribbean,42128977,3.538582041,68.44715295
Colombia,2008,74.206,5541,Latin America & Caribbean,43758808,3.743653693,70.97215919
Colombia,2011,75.18,7400,Latin America & Caribbean,45259614,3.869290056,72.5190946
Colombia,2014,75.95,8187,Latin America & Caribbean,46565429,3.913135837,73.05895893
Colombia,2017,76.418,6479,Latin America & Caribbean,48131078,3.81154366,71.80807478
Colombia,2020,74.757,5339,Latin America & Caribbean,50629997,3.72751581,70.77345667
Colombia,2023,77.725,6947,Latin America & Caribbean,52321152,3.841819759,72.18085833
"Korea, Rep.",1960,53.79756098,158,East Asia & Pacific,25012374,2.199409951,51.95819484
"Korea, Rep.",1963,55.02546341,146,East Asia & Pacific,27261747,2.165251725,51.53761144
"Korea, Rep.",1966,55.52297561,133,East Asia & Pacific,29435571,2.125415659,51.04711793
"Korea, Rep.",1969,61.48290244,243,East Asia & Pacific,31544266,2.386367208,54.26016216
"Korea, Rep.",1972,63.0097561,324,East Asia & Pacific,33505406,2.51080338,55.79231986
"Korea, Rep.",1975,64.15365854,617,East Asia & Pacific,35280725,2.790606059,59.23747428
"Korea, Rep.",1978,65.19756098,1405,East Asia & Pacific,36969185,3.147930451,63.63713806
"Korea, Rep.",1981,66.54634146,1883,East Asia & Pacific,38723248,3.274955474,65.20117176
"Korea, Rep.",1984,68.19512195,2413,East Asia & Pacific,40405956,3.382607084,66.5266645
"Korea, Rep.",1987,69.99756098,3554,East Asia & Pacific,41621690,3.550791471,68.59748522
"Korea, Rep.",1990,71.59756098,6609,East Asia & Pacific,42869283,3.820201281,71.91467433
"Korea, Rep.",1993,72.99756098,8884,East Asia & Pacific,44194628,3.948653496,73.49628077
"Korea, Rep.",1996,74.15121951,13402,East Asia & Pacific,45524681,4.127201843,75.69471085
"Korea, Rep.",1999,75.4097561,10672,East Asia & Pacific,46616677,4.028264029,74.47650934
"Korea, Rep.",2002,76.76585366,13165,East Asia & Pacific,47644736,4.119423622,75.59893917
"Korea, Rep.",2005,78.16829268,19402,East Asia & Pacific,48184561,4.287857751,77.67283492
"Korea, Rep.",2008,79.51707317,21350,East Asia & Pacific,49054708,4.329406585,78.1844174
"Korea, Rep.",2011,80.56829268,25097,East Asia & Pacific,49936638,4.399632114,79.04909029
"Korea, Rep.",2014,81.72195122,29252,East Asia & Pacific,50746659,4.46616939,79.86835047
"Korea, Rep.",2017,82.62682927,31600,East Asia & Pacific,51361911,4.499697196,80.28117163
"Korea, Rep.",2023,83.42926829,33121,East Asia & Pacific,51712619,4.520108309,80.53248959
"Korea, Rep.",2020,83.42682927,31721,East Asia & Pacific,51836239,4.501350962,80.30153412
Sudan,1960,49.566,99,Sub-Saharan Africa,8364489,1.998752303,49.48753736
Sudan,1963,50.816,109,Sub-Saharan Africa,9218077,2.041152608,50.00960383
Sudan,1966,51.253,110,Sub-Saharan Africa,10197578,2.043372383,50.03693548
Sudan,1969,52.04,125,Sub-Saharan Africa,11298936,2.100318448,50.73810099
Sudan,1972,52.803,154,Sub-Saharan Africa,12527856,2.188961038,51.82953947
Sudan,1975,53.31,269,Sub-Saharan Africa,14064798,2.430805084,54.80731684
Sudan,1978,53.29,410,Sub-Saharan Africa,15695003,2.612860204,57.04892512
Sudan,1981,54.369,483,Sub-Saharan Africa,17780572,2.684668182,57.93308239
Sudan,1984,49.807,429,Sub-Saharan Africa,19546528,2.633461767,57.30258804
Sudan,1987,54.747,471,Sub-Saharan Africa,20704904,2.673165857,57.79145656
Sudan,1990,55.497,1257,Sub-Saharan Africa,22021481,3.099400054,63.03959298
Sudan,1993,56.102,312,Sub-Saharan Africa,23445592,2.495119633,55.59920902
Sudan,1996,57.638,294,Sub-Saharan Africa,25231528,2.469567202,55.28458704
Sudan,1999,58.607,324,Sub-Saharan Africa,27130613,2.511428259,55.80001387
Sudan,2002,59.308,506,Sub-Saharan Africa,29228727,2.704375875,58.17573927
Sudan,2005,57.226,905,Sub-Saharan Africa,31262444,2.956909385,61.28513388
Sudan,2008,61.261,1527,Sub-Saharan Africa,33623980,3.184004645,64.08131239
Sudan,2011,63.181,1332,Sub-Saharan Africa,36140806,3.124718459,63.35133344
Sudan,2014,63.99,1275,Sub-Saharan Africa,38823318,3.105659473,63.11666396
Sudan,2017,65.146,966,Sub-Saharan Africa,42714306,2.985204409,61.63352485
Sudan,2020,65.124,577,Sub-Saharan Africa,46789231,2.76177395,58.88247029
Sudan,2023,66.331,2183,Sub-Saharan Africa,50042791,3.339141542,65.99148198
Uganda,1960,45.633,55,Sub-Saharan Africa,7640973,1.743341169,46.34271115
Uganda,1963,47.378,61,Sub-Saharan Africa,8333663,1.792079003,46.94281035
Uganda,1966,48.463,101,Sub-Saharan Africa,9122864,2.006189609,49.57911142
Uganda,1969,49.505,116,Sub-Saharan Africa,10014858,2.067004968,50.32791877
Uganda,1972,47.162,136,Sub-Saharan Africa,10885796,2.136608766,51.18493641
Uganda,1975,46.517,201,Sub-Saharan Africa,11725240,2.303708466,53.2424016
Uganda,1978,45.596,190,Sub-Saharan Africa,12692113,2.280328249,52.95452566
Uganda,1981,43.456,98,Sub-Saharan Africa,13556452,1.994082804,49.43004275
Uganda,1984,43.706,247,Sub-Saharan Africa,14607677,2.393604923,54.3492787
Uganda,1987,47.36,392,Sub-Saharan Africa,15954170,2.594360218,56.82113849
Uganda,1990,47.561,244,Sub-Saharan Africa,17569897,2.389143338,54.29434409
Uganda,1993,47.681,165,Sub-Saharan Africa,19445161,2.21910354,52.20067807
Uganda,1996,47.759,284,Sub-Saharan Africa,21231550,2.454384812,55.09764931
Uganda,1999,48.977,257,Sub-Saharan Africa,23257281,2.411488303,54.56947318
Uganda,2002,51.443,241,Sub-Saharan Africa,25532870,2.383787887,54.2284035
Uganda,2005,54.926,330,Sub-Saharan Africa,27963289,2.51904714,55.89382363
Uganda,2008,58.253,472,Sub-Saharan Africa,30539553,2.674716672,57.81055144
Uganda,2011,60.791,835,Sub-Saharan Africa,33354543,2.922008857,60.85541065
Uganda,2014,63.057,896,Sub-Saharan Africa,36395539,2.952334568,61.22880507
Uganda,2017,65.174,765,Sub-Saharan Africa,40177388,2.883785366,60.38477245
Uganda,2020,66.41,845,Sub-Saharan Africa,44457152,2.927250461,60.91994948
Uganda,2023,68.252,1002,Sub-Saharan Africa,48656601,3.00100169,61.82803361
Spain,1960,69.10926829,407,Europe & Central Asia,30455000,2.610620806,57.02135186
Spain,1963,69.68121951,627,Europe & Central Asia,31296651,2.797460368,59.32187002
Spain,1966,71.05512195,915,Europe & Central Asia,32283194,2.96171965,61.34436171
Spain,1969,71.05756098,1109,Europe & Central Asia,33441054,3.044984947,62.36959066
Spain,1972,72.81804878,1707,Europe & Central Asia,34604469,3.232383094,64.67698656
Spain,1975,73.31878049,3207,Europe & Central Asia,35757900,3.506172711,68.04810336
Spain,1978,74.29560976,4353,Europe & Central Asia,36864898,3.638821328,69.68137925
Spain,1981,75.52853659,5367,Europe & Central Asia,37758631,3.729758279,70.80106774
Spain,1984,76.29536585,4486,Europe & Central Asia,38330364,3.651934944,69.84284458
Spain,1987,76.72804878,8233,Europe & Central Asia,38684815,3.915596528,73.08925693
Spain,1990,76.83756098,13795,Europe & Central Asia,38867322,4.139722207,75.84887159
Spain,1993,77.54658537,13330,Europe & Central Asia,39361262,4.124842524,75.66566103
Spain,1996,78.1204878,16100,Europe & Central Asia,39889852,4.206842643,76.67531209
Spain,1999,78.71707317,15707,Europe & Central Asia,40386875,4.196119436,76.54327939
Spain,2002,79.56829268,17111,Europe & Central Asia,41431558,4.23327713,77.00079465
Spain,2005,80.17073171,26450,Europe & Central Asia,43653155,4.422441324,79.32993553
Spain,2008,81.17560976,35603,Europe & Central Asia,45954106,4.551489623,80.91888143
Spain,2014,83.22926829,29694,Europe & Central Asia,46480882,4.472681684,79.94853504
Spain,2017,83.28292683,28367,Europe & Central Asia,46593236,4.452827788,79.70407799
Spain,2011,82.47560976,31824,Europe & Central Asia,46742697,4.502763253,80.31892338
Spain,2020,82.23170732,27230,Europe & Central Asia,47365655,4.435053383,79.48522529
Spain,2023,83.88292683,33509,Europe & Central Asia,48347910,4.525161633,80.59471015
Algeria,1960,40.839,238,Middle East & North Africa,11424922,2.377292546,54.14842766
Algeria,1963,43.143,225,Middle East & North Africa,11982118,2.353309564,53.85313
Algeria,1966,42.745,241,Middle East & North Africa,12590069,2.382825356,54.21655204
Algeria,1969,42.991,315,Middle East & North Africa,13475960,2.499569774,55.65400271
Algeria,1972,44.384,469,Middle East & North Africa,14427072,2.671201545,57.76727038
Algeria,1975,46.921,992,Middle East & North Africa,15678596,2.996643883,61.7743768
Algeria,1978,50.615,1505,Middle East & North Africa,17506974,3.17780831,64.00501816
Algeria,1981,57.422,2307,Middle East & North Africa,19220704,3.363110531,66.28660735
Algeria,1984,62.722,2524,Middle East & North Africa,21271969,3.402154854,66.76735229
Algeria,1987,66.13,2847,Middle East & North Africa,23443624,3.454399315,67.41062789
Algeria,1990,67.658,2445,Middle East & North Africa,25375810,3.388311426,66.59690093
Algeria,1993,67.797,1831,Middle East & North Africa,27277048,3.262699732,65.05026926
Algeria,1996,68.219,1616,Middle East & North Africa,29033044,3.208664893,64.38494909
Algeria,1999,70.088,1596,Middle East & North Africa,30474354,3.203065056,64.31599942
Algeria,2002,71.644,1937,Middle East & North Africa,31750835,3.287233667,65.3523507
Algeria,2005,72.836,3233,Middle East & North Africa,33109249,3.509623624,68.09059376
Algeria,2008,73.618,5180,Middle East & North Africa,34816961,3.714406787,70.61204789
Algeria,2011,74.383,5916,Middle East & North Africa,36903376,3.772051189,71.32181188
Algeria,2014,74.992,6094,Middle East & North Africa,39205031,3.7849519,71.48065575
Algeria,2017,75.431,4554,Middle East & North Africa,41689299,3.658456682,69.92314543
Algeria,2020,73.257,3743,Middle East & North Africa,44042091,3.573282704,68.87441528
Algeria,2023,76.261,5364,Middle East & North Africa,46164219,3.729491032,70.79777718
Argentina,1963,64.855,852,Latin America & Caribbean,21421705,2.930934992,60.96531637
Argentina,1966,65.398,1275,Latin America & Caribbean,22453893,3.1055369,63.11515474
Argentina,1969,65.085,1329,Latin America & Caribbean,23508711,3.123708535,63.33889845
Argentina,1972,65.953,1409,Latin America & Caribbean,24644328,3.149025323,63.650619
Argentina,1975,66.965,2026,Latin America & Caribbean,25874107,3.306786116,65.59309609
Argentina,1978,67.999,3282,Latin America & Caribbean,27132158,3.516146919,68.17091378
Argentina,1981,68.858,2764,Latin America & Caribbean,28463959,3.441551616,67.25243674
Argentina,1984,69.353,3915,Latin America & Caribbean,29863093,3.592735641,69.1139354
Argentina,1987,70.699,3477,Latin America & Caribbean,31291762,3.541242325,68.4799085
Argentina,1990,71.615,4315,Latin America & Caribbean,32755901,3.635014344,69.63450461
Argentina,1993,72.303,6931,Latin America & Caribbean,34152717,3.84084953,72.16891209
Argentina,1996,73.056,7663,Latin America & Caribbean,35513793,3.884410881,72.7052743
Argentina,1999,73.683,7705,Latin America & Caribbean,36794682,3.886803242,72.73473096
Argentina,2002,74.312,2569,Latin America & Caribbean,38029349,3.409882363,66.86249956
Argentina,2005,75.231,5067,Latin America & Caribbean,39216789,3.704806906,70.49384647
Argentina,2008,75.428,8944,Latin America & Caribbean,40424148,3.951537145,73.53178656
Argentina,2011,76.1,12704,Latin America & Caribbean,41730660,4.103950166,75.4084176
Argentina,2014,76.268,12233,Latin America & Caribbean,43024071,4.087538103,75.20633915
Argentina,2017,76.543,14532,Latin America & Caribbean,44288894,4.162340359,76.12736437
Argentina,2020,75.878,8535,Latin America & Caribbean,45191965,3.931234023,73.28179828
Argentina,2023,77.395,14187,Latin America & Caribbean,45538401,4.151905346,75.99888014
Iraq,1960,51.462,218,Middle East & North Africa,7022052,2.34028108,53.69271288
Iraq,1963,54.36,235,Middle East & North Africa,7667928,2.372016035,54.08345904
Iraq,1966,57.321,298,Middle East & North Africa,8485104,2.474515892,55.34551928
Iraq,1969,59.64,319,Middle East & North Africa,9403356,2.504960127,55.72037305
Iraq,1972,61.816,394,Middle East & North Africa,10430164,2.595957104,56.84080063
Iraq,1975,61.434,1165,Middle East & North Africa,11543639,3.066654463,62.63640307
Iraq,1978,64.175,1863,Middle East & North Africa,12753355,3.270263581,65.14340142
Iraq,1981,58.652,2700,Middle East & North Africa,14006381,3.431430037,67.12781176
Iraq,1984,59.544,3065,Middle East & North Africa,15310733,3.486532179,67.80627341
Iraq,1987,60.259,3436,Middle East & North Africa,16521049,3.536113355,68.41675652
Iraq,1990,57.587,10261,Middle East & North Africa,17581206,4.011207285,74.26649306
Iraq,1993,65.31,53,Middle East & North Africa,19201195,1.730328243,46.18248559
Iraq,1996,64.618,485,Middle East & North Africa,21501321,2.685973145,57.94915014
Iraq,1999,64.532,1560,Middle East & North Africa,23636527,3.193226108,64.19485442
Iraq,2002,65.724,1266,Middle East & North Africa,26006559,3.102488457,63.07761987
Iraq,2005,64.899,1762,Middle East & North Africa,28407448,3.246102908,64.84591589
Iraq,2008,66.465,4542,Middle East & North Africa,28971036,3.657339495,69.90938973
Iraq,2011,68.435,5775,Middle East & North Africa,32161424,3.761592768,71.19303943
Iraq,2014,69.679,6249,Middle East & North Africa,36550059,3.795837786,71.61469149
Iraq,2017,69.788,4759,Middle East & North Africa,39337353,3.67754168,70.1581352
Iraq,2020,69.651,4295,Middle East & North Africa,42116605,3.632982324,69.60948476
Iraq,2023,72.324,5565,Middle East & North Africa,45074049,3.745475036,70.99458502
Afghanistan,2002,56.225,178,South Asia,21378117,2.252741625,52.61485708
Afghanistan,2005,58.247,254,South Asia,24404567,2.405148635,54.49141411
Afghanistan,2008,59.708,381,South Asia,26482622,2.581759976,56.66599423
Afghanistan,2011,61.25,606,South Asia,29347708,2.782970184,59.14345528
Afghanistan,2014,62.26,625,South Asia,32792523,2.795918193,59.30288153
Afghanistan,2017,62.406,525,South Asia,35688935,2.720547737,58.37486018
Afghanistan,2020,61.454,510,South Asia,39068979,2.708239889,58.22331611
Afghanistan,2023,66.035,415,South Asia,41454761,2.618787773,57.12191009
Canada,1960,71.13317073,2264,North America,17909356,3.355058331,66.18746222
Canada,1963,71.38073171,2380,North America,18964000,3.376634858,66.45312968
Canada,1966,72.00439024,3055,North America,20048000,3.485052166,67.78805031
Canada,1969,72.50146341,3776,North America,21028000,3.577049943,68.92080054
Canada,1972,72.93390244,5106,North America,22218463,3.708143499,70.53492927
Canada,1975,73.52170732,7536,North America,23143275,3.877170862,72.61612939
Canada,1978,74.5297561,9154,North America,23963203,3.961631462,73.65607587
Canada,1981,75.49780488,12379,North America,24819915,4.092686856,75.26973472
Canada,1984,76.33195122,13930,North America,25607053,4.143965911,75.90112347
Canada,1987,76.77878049,16377,North America,26446601,4.214252652,76.76655005
Canada,1990,77.43658537,21525,North America,27691138,4.332960534,78.22817646
Canada,1993,77.70487805,20186,North America,28684764,4.305067456,77.88473457
Canada,1996,78.2202439,21296,North America,29610218,4.328317867,78.17101223
Canada,1999,78.83902439,22315,North America,30401286,4.348601692,78.42076291
Canada,2002,79.53073171,24256,North America,31359199,4.384819528,78.86670588
Canada,2005,80.11268293,36383,North America,32242732,4.560906385,81.03482814
Canada,2008,80.72463415,46710,North America,33247298,4.669412217,82.37083875
Canada,2011,81.48268293,52223,North America,34339221,4.717868959,82.96747692
Canada,2014,81.78439024,50960,North America,35434066,4.707236605,82.83656287
Canada,2017,81.81292683,45129,North America,36545075,4.654461755,82.1867567
Canada,2020,81.53512195,43537,North America,38028638,4.638866872,81.99474002
Canada,2023,81.64658537,53431,North America,40097761,4.727794812,83.08969196
"Yemen, Rep.",1990,58.528,910,Middle East & North Africa,13887862,2.959242966,61.31386679
"Yemen, Rep.",1993,59.655,1396,Middle East & North Africa,15563914,3.14507684,63.60200212
"Yemen, Rep.",1996,60.884,375,Middle East & North Africa,17313177,2.574280186,56.57389707
"Yemen, Rep.",1999,62.275,401,Middle East & North Africa,19029420,2.603629452,56.93526872
"Yemen, Rep.",2002,63.807,513,Middle East & North Africa,20835086,2.710321754,58.24894969
"Yemen, Rep.",2005,65.356,734,Middle East & North Africa,22790085,2.865790665,60.1632073
"Yemen, Rep.",2008,66.609,1071,Middle East & North Africa,25111941,3.030047227,62.1856655
"Yemen, Rep.",2011,67.412,1186,Middle East & North Africa,27582897,3.074258594,62.73003122
"Yemen, Rep.",2014,68.003,1430,Middle East & North Africa,30226309,3.155385905,63.72893557
"Yemen, Rep.",2017,67.12,811,Middle East & North Africa,33090921,2.90910972,60.69658616
"Yemen, Rep.",2020,66.435,559,Middle East & North Africa,36134863,2.747850288,58.71103103
"Yemen, Rep.",2023,69.295,477,Middle East & North Africa,39390799,2.678890628,57.86194452
Ukraine,2023,73.422,5069,Europe & Central Asia,37732836,3.704982528,70.49600887
Ukraine,2020,73.283,3709,Europe & Central Asia,44680014,3.569346901,68.82595452
Ukraine,2017,73.993,2604,Europe & Central Asia,45436041,3.415688943,66.93399482
Ukraine,2014,71.803,3054,Europe & Central Asia,45972380,3.484998165,67.78738541
Ukraine,2011,70.711,3656,Europe & Central Asia,46307853,3.563089094,68.7489034
Ukraine,2008,68.262,4017,Europe & Central Asia,46819175,3.603989032,69.25249615
Ukraine,2005,67.517,1875,Europe & Central Asia,47585556,3.273078878,65.17806561
Ukraine,2002,67.699,903,Europe & Central Asia,48677281,2.955693474,61.27016261
Ukraine,1999,68.004,631,Europe & Central Asia,49976446,2.800655545,59.36121159
Ukraine,1996,67.097,869,Europe & Central Asia,51226109,2.939442405,61.07006644
Ukraine,1987,71.179,1244,Europe & Central Asia,51515732,3.094834784,62.98338173
Ukraine,1990,70.354,1563,Europe & Central Asia,52054092,3.194135148,64.20604725
Ukraine,1993,68.287,1254,Europe & Central Asia,52350126,3.098307471,63.02614023
Morocco,1960,41.73,174,Middle East & North Africa,11624933,2.242502007,52.48877871
Morocco,1963,44.768,210,Middle East & North Africa,12577502,2.323531879,53.48648332
Morocco,1966,46.495,210,Middle East & North Africa,13597065,2.32392094,53.49127375
Morocco,1969,48.187,246,Middle East & North Africa,14734255,2.392344543,54.33375989
Morocco,1972,49.706,317,Middle East & North Africa,15924692,2.501160722,55.67359174
Morocco,1975,51.356,521,Middle East & North Africa,17150786,2.717536474,58.3377831
Morocco,1978,53.554,712,Middle East & North Africa,18477385,2.853016211,60.005918
Morocco,1981,56.023,884,Middle East & North Africa,19985401,2.946669966,61.15905796
Morocco,1984,58.438,681,Middle East & North Africa,21593778,2.833726887,59.76841241
Morocco,1987,60.62,937,Middle East & North Africa,23054392,2.971951427,61.47034353
Morocco,1990,62.396,1229,Middle East & North Africa,24375551,3.089576987,62.91864353
Morocco,1993,63.868,1226,Middle East & North Africa,25614586,3.088642957,62.907143
Morocco,1996,65.226,1596,Middle East & North Africa,26808107,3.203259335,64.31839154
Morocco,1999,66.404,1635,Middle East & North Africa,28027179,3.213692167,64.44684891
Morocco,2002,67.582,1596,Middle East & North Africa,29198142,3.203038501,64.31567246
Morocco,2005,68.748,2242,Middle East & North Africa,30358144,3.350827005,66.13536275
Morocco,2008,70.051,3183,Middle East & North Africa,31606767,3.502863986,68.00736369
Morocco,2011,71.263,3301,Middle East & North Africa,32912588,3.518775592,68.20328011
Morocco,2014,72.522,3435,Middle East & North Africa,34204780,3.535978194,68.41509231
Morocco,2017,73.608,3296,Middle East & North Africa,35446392,3.518056586,68.19442713
Morocco,2020,73.133,3268,Middle East & North Africa,36584208,3.514286071,68.14800154
Morocco,2023,75.313,3771,Middle East & North Africa,37712505,3.576507927,68.9141268
Angola,1981,42.556,657,Sub-Saharan Africa,8435607,2.818214441,59.57741077
Angola,1984,42.245,650,Sub-Saharan Africa,9425917,2.813241355,59.51617816
Angola,1987,40.786,770,Sub-Saharan Africa,10497858,2.886547766,60.41878533
Angola,1990,41.854,965,Sub-Saharan Africa,11626360,2.984917256,61.62998919
Angola,1993,42.19,449,Sub-Saharan Africa,12827135,2.652949826,57.54254062
Angola,1996,46.418,531,Sub-Saharan Africa,14170973,2.725190314,58.4320233
Angola,1999,45.808,392,Sub-Saharan Africa,15667235,2.594089144,56.81780081
Angola,2002,47.874,882,Sub-Saharan Africa,17327699,2.945541379,61.14516189
Angola,2005,52.13,1916,Sub-Saharan Africa,19291161,3.282501668,65.29408654
Angola,2008,55.281,4103,Sub-Saharan Africa,21578655,3.613108598,69.36478355
Angola,2011,58.093,4615,Sub-Saharan Africa,24218352,3.664257389,69.99456838
Angola,2014,60.396,5005,Sub-Saharan Africa,27160769,3.699490823,70.42839061
Angola,2017,62.122,2437,Sub-Saharan Africa,30234839,3.38690181,66.57954461
Angola,2020,63.116,1449,Sub-Saharan Africa,33451132,3.161344899,63.80230747
Angola,2023,64.617,2308,Sub-Saharan Africa,36749906,3.363265867,66.28851997
Poland,2023,78.50731707,22056,Europe & Central Asia,36687353,4.34353987,78.35843771
Poland,2020,76.4,15987,Europe & Central Asia,37899070,4.203782605,76.63763446
Poland,2017,77.75365854,13913,Europe & Central Asia,37974826,4.143431407,75.89454223
Poland,2014,77.60243902,14262,Europe & Central Asia,38011735,4.154189086,76.02699938
Poland,2011,76.69512195,13867,Europe & Central Asia,38063255,4.142003403,75.8769595
Poland,1990,70.8902439,1731,Europe & Central Asia,38110782,3.238349629,64.75045131
Poland,2008,75.54390244,14048,Europe & Central Asia,38125759,4.147631825,75.94626113
Poland,2005,74.99512195,8043,Europe & Central Asia,38165445,3.905467922,72.96454543
Poland,2002,74.49756098,5223,Europe & Central Asia,38230364,3.717957591,70.65576823
Poland,1993,71.59512195,2497,Europe & Central Asia,38461408,3.397441249,66.70931461
Poland,1996,72.24634146,4163,Europe & Central Asia,38624370,3.619459816,69.44298482
Poland,1999,73.04390244,4415,Europe & Central Asia,38660271,3.644979956,69.7572092
Uzbekistan,1987,65.486,450,Europe & Central Asia,18930070,2.653448452,57.5486801
Uzbekistan,1990,65.772,652,Europe & Central Asia,20464956,2.814871714,59.53625244
Uzbekistan,1993,64.924,595,Europe & Central Asia,21987955,2.775084084,59.04635531
Uzbekistan,1996,64.78,597,Europe & Central Asia,23351981,2.77621599,59.06029224
Uzbekistan,1999,65.307,697,Europe & Central Asia,24476008,2.843708273,59.89131122
Uzbekistan,2002,66.376,381,Europe & Central Asia,25399980,2.581391275,56.66145449
Uzbekistan,2005,67.481,542,Europe & Central Asia,26356975,2.734668489,58.54872617
Uzbekistan,2008,69.035,1074,Europe & Central Asia,27494774,3.031299084,62.20107936
Uzbekistan,2011,70.143,2087,Europe & Central Asia,28823196,3.319702177,65.75212896
Uzbekistan,2014,70.973,2674,Europe & Central Asia,30222994,3.427317753,67.07717803
Uzbekistan,2017,71.737,2190,Europe & Central Asia,31819178,3.340563899,66.00899518
Uzbekistan,2020,71.461,1978,Europe & Central Asia,33586372,3.296287874,65.46383333
Uzbekistan,2023,72.388,2849,Europe & Central Asia,35652307,3.454770888,67.41520299
Malaysia,1960,57.168,240,East Asia & Pacific,7956197,2.381741989,54.20321276
Malaysia,1963,59.667,291,East Asia & Pacific,8602160,2.465085298,55.22940226
Malaysia,1966,61.679,338,East Asia & Pacific,9284688,2.529648629,56.02435764
Malaysia,1969,62.868,368,East Asia & Pacific,9947597,2.566302711,56.47567202
Malaysia,1972,64.232,472,East Asia & Pacific,10676835,2.674276341,57.80512973
Malaysia,1975,65.697,810,East Asia & Pacific,11471914,2.908791062,60.69266259
Malaysia,1978,67.17,1326,East Asia & Pacific,12328157,3.122834168,63.32813254
Malaysia,1981,68.461,1866,East Asia & Pacific,13399203,3.270935487,65.15167446
Malaysia,1984,69.551,2299,East Asia & Pacific,14759009,3.361691714,66.26913774
Malaysia,1987,70.351,1977,East Asia & Pacific,16276737,3.296035025,65.46072006
Malaysia,1990,70.952,2468,East Asia & Pacific,17833171,3.392466699,66.64806397
Malaysia,1993,71.721,3461,East Asia & Pacific,19322664,3.539326442,68.45631862
Malaysia,1996,72.119,4837,East Asia & Pacific,20850087,3.684591258,70.24493524
Malaysia,1999,72.428,3527,East Asia & Pacific,22435531,3.547505903,68.55703068
Malaysia,2002,73.469,4184,East Asia & Pacific,24102477,3.62159496,69.46927442
Malaysia,2005,74.37,5555,East Asia & Pacific,25836071,3.744729546,70.98540595
Malaysia,2008,75.151,8371,East Asia & Pacific,27570059,3.922819963,73.17819764
Malaysia,2011,75.488,10217,East Asia & Pacific,29162039,4.009327936,74.24335301
Malaysia,2014,75.345,11013,East Asia & Pacific,30696137,4.041917893,74.64462663
Malaysia,2017,75.542,9862,East Asia & Pacific,32355644,3.993989133,74.0544894
Malaysia,2020,76.057,9957,East Asia & Pacific,33889558,3.998151461,74.10573931
Malaysia,2023,76.657,11379,East Asia & Pacific,35126298,4.056107384,74.819339
Peru,1960,50.597,252,Latin America & Caribbean,10174127,2.402771542,54.46214544
Peru,1963,52.597,324,Latin America & Caribbean,11102099,2.510688953,55.79091094
Peru,1966,54.4,504,Latin America & Caribbean,12101297,2.70314167,58.16054275
Peru,1969,55.816,487,Latin America & Caribbean,13166767,2.688117418,57.97555214
Peru,1972,56.989,646,Latin America & Caribbean,14210147,2.810689219,59.48475422
Peru,1975,58.205,1104,Latin America & Caribbean,15333957,3.043032533,62.34555097
Peru,1978,59.261,756,Latin America & Caribbean,16516059,2.878721265,60.32241919
Peru,1981,60.325,1216,Latin America & Caribbean,17798805,3.085031245,62.86267271
Peru,1984,61.066,917,Latin America & Caribbean,19174716,2.962793607,61.35758512
Peru,1987,62.544,1792,Latin America & Caribbean,20582320,3.253410875,64.93589742
Peru,1990,63.979,1199,Latin America & Caribbean,22014771,3.079060592,62.78915726
Peru,1993,65.732,1487,Latin America & Caribbean,23413783,3.172507786,63.93975387
Peru,1996,67.85,2226,Latin America & Caribbean,24811171,3.347703996,66.09690976
Peru,1999,69.302,1916,Latin America & Caribbean,26186504,3.282516522,65.29426943
Peru,2002,70.815,2007,Latin America & Caribbean,27288217,3.302627472,65.54189154
Peru,2005,71.988,2706,Latin America & Caribbean,28101180,3.432435225,67.14018844
Peru,2008,72.743,4197,Latin America & Caribbean,28719041,3.622999442,69.48656753
Peru,2011,73.327,5861,Latin America & Caribbean,29304086,3.767998243,71.27190877
Peru,2014,75.26,6667,Latin America & Caribbean,30115826,3.823939191,71.96069847
Peru,2017,75.958,6736,Latin America & Caribbean,31324637,3.828412841,72.01578163
Peru,2020,73.832,6133,Latin America & Caribbean,32838579,3.787696015,71.51444349
Peru,2023,77.74,7906,Latin America & Caribbean,33845617,3.897988946,72.87245829
Ghana,1960,46.942,174,Sub-Saharan Africa,6961215,2.242687634,52.4910643
Ghana,1963,47.476,205,Sub-Saharan Africa,7514714,2.311833134,53.34243901
Ghana,1966,47.708,263,Sub-Saharan Africa,8074521,2.420507908,54.68052977
Ghana,1969,47.895,225,Sub-Saharan Africa,8690383,2.353671277,53.8575837
Ghana,1972,48.274,223,Sub-Saharan Africa,9438187,2.34986564,53.81072565
Ghana,1975,49.323,272,Sub-Saharan Africa,10294308,2.436125603,54.87282732
Ghana,1978,50.461,325,Sub-Saharan Africa,11248450,2.512682364,55.81545541
Ghana,1981,51.313,343,Sub-Saharan Africa,12281712,2.536304769,56.10631336
Ghana,1984,52.232,329,Sub-Saharan Africa,13370590,2.518512478,55.88724044
Ghana,1987,53.818,355,Sub-Saharan Africa,14289108,2.550416374,56.28006673
Ghana,1990,55.395,382,Sub-Saharan Africa,15394648,2.582679651,56.67731801
Ghana,1993,56.286,359,Sub-Saharan Africa,16589519,2.556062178,56.34958239
Ghana,1996,56.957,389,Sub-Saharan Africa,17810181,2.59025235,56.77055914
Ghana,1999,57.835,403,Sub-Saharan Africa,19149864,2.605345269,56.95639523
Ghana,2002,58.709,297,Sub-Saharan Africa,20729388,2.473430975,55.33216091
Ghana,2005,59.638,478,Sub-Saharan Africa,22449438,2.679983501,57.87540085
Ghana,2008,60.578,1182,Sub-Saharan Africa,24249946,3.072859032,62.71279869
Ghana,2011,61.617,1507,Sub-Saharan Africa,26095088,3.178238805,64.01031876
Ghana,2014,62.832,1953,Sub-Saharan Africa,28041592,3.29084568,65.39682469
Ghana,2017,63.829,2012,Sub-Saharan Africa,30008354,3.303837358,65.55678862
Ghana,2020,64.309,2196,Sub-Saharan Africa,31887809,3.341740677,66.02348461
Ghana,2023,65.498,2260,Sub-Saharan Africa,33787914,3.354163667,66.1764464
Mozambique,1993,45.675,205,Sub-Saharan Africa,14051192,2.312155862,53.3464127
Mozambique,1996,47.121,244,Sub-Saharan Africa,16492480,2.388034828,54.28069523
Mozambique,1999,48.837,354,Sub-Saharan Africa,17734506,2.549501367,56.26880043
Mozambique,2002,50.879,313,Sub-Saharan Africa,18958338,2.496772861,55.61956488
Mozambique,2005,52.322,436,Sub-Saharan Africa,20304569,2.640256635,57.3862519
Mozambique,2008,53.799,592,Sub-Saharan Africa,21819036,2.772438416,59.01377973
Mozambique,2011,55.733,618,Sub-Saharan Africa,23649039,2.791112486,59.24370982
Mozambique,2014,57.965,697,Sub-Saharan Africa,25788475,2.843321672,59.88655108
Mozambique,2017,60.148,470,Sub-Saharan Africa,28166393,2.672964254,57.78897427
Mozambique,2020,61.39,462,Sub-Saharan Africa,30783688,2.665049642,57.69152323
Mozambique,2023,63.611,622,Sub-Saharan Africa,33635160,2.794478022,59.28514899
Saudi Arabia,1960,45.31,717,Middle East & North Africa,2435403,2.856001414,60.04267421
Saudi Arabia,1963,47.086,811,Middle East & North Africa,2719341,2.909416024,60.70035762
Saudi Arabia,1966,49.187,960,Middle East & North Africa,3039887,2.982608032,61.60155618
Saudi Arabia,1969,51.773,1312,Middle East & North Africa,3417114,3.118178274,63.27080545
Saudi Arabia,1972,54.742,2474,Middle East & North Africa,3905722,3.393467596,66.66038782
Saudi Arabia,1975,57.78,10265,Middle East & North Africa,4556287,4.011386091,74.26869466
Saudi Arabia,1978,60.685,14914,Middle East & North Africa,5381902,4.173598631,76.26598522
Saudi Arabia,1981,63.252,28703,Middle East & North Africa,6420551,4.457932675,79.76693344
Saudi Arabia,1984,65.391,15541,Middle East & North Africa,7697307,4.191482627,76.48618729
Saudi Arabia,1987,67.242,9385,Middle East & North Africa,9130194,3.972479842,73.7896498
Saudi Arabia,1990,68.874,11054,Middle East & North Africa,10640691,4.043548906,74.66470897
Saudi Arabia,1993,70.208,10884,Middle East & North Africa,12215862,4.036822879,74.58189274
Saudi Arabia,1996,71.288,11471,Middle East & North Africa,13831009,4.059620383,74.86259385
Saudi Arabia,1999,72.29,10452,Middle East & North Africa,15472075,4.019207293,74.36499556
Saudi Arabia,2002,73.296,10586,Middle East & North Africa,17910910,4.024734119,74.43304626
Saudi Arabia,2005,74.4,15975,Middle East & North Africa,20559890,4.203461184,76.63367687
Saudi Arabia,2008,75.301,22320,Middle East & North Africa,23287877,4.348703703,78.42201895
Saudi Arabia,2011,75.808,26966,Middle East & North Africa,25091867,4.430821268,79.43311611
Saudi Arabia,2014,77.116,27079,Middle East & North Africa,28309273,4.432643422,79.45555193
Saudi Arabia,2017,78.721,23081,Middle East & North Africa,30977355,4.36325847,78.60122889
Saudi Arabia,2020,77.596,23271,Middle East & North Africa,31552510,4.366822581,78.64511308
Saudi Arabia,2023,78.732,32093,Middle East & North Africa,33264292,4.506423338,80.36398928
Madagascar,1960,43.349,131,Sub-Saharan Africa,5111029,2.119559454,50.97501165
Madagascar,1963,44.626,137,Sub-Saharan Africa,5525185,2.138092808,51.20320913
Madagascar,1966,45.98,150,Sub-Saharan Africa,5974279,2.178084665,51.69562086
Madagascar,1969,47.322,162,Sub-Saharan Africa,6484716,2.211933755,52.11239794
Madagascar,1972,48.507,189,Sub-Saharan Africa,7074398,2.277930547,52.92500324
Madagascar,1975,49.596,294,Sub-Saharan Africa,7739336,2.469811572,55.28759592
Madagascar,1978,50.017,314,Sub-Saharan Africa,8475864,2.498287448,55.63821369
Madagascar,1981,49.806,512,Sub-Saharan Africa,9279011,2.710044494,58.24553585
Madagascar,1984,50.209,385,Sub-Saharan Africa,10134550,2.585920929,56.71722721
Madagascar,1987,51.098,290,Sub-Saharan Africa,11047291,2.46364149,55.21162494
Madagascar,1990,52.14,326,Sub-Saharan Africa,12055639,2.513349804,55.82367347
Madagascar,1993,53.733,307,Sub-Saharan Africa,13197345,2.488392203,55.51637552
Madagascar,1996,55.477,339,Sub-Saharan Africa,14510711,2.531322139,56.04496323
Madagascar,1999,57.434,267,Sub-Saharan Africa,16000506,2.427097295,54.76166357
Madagascar,2002,59.17,304,Sub-Saharan Africa,17549913,2.484216927,55.46496618
Madagascar,2005,60.664,305,Sub-Saharan Africa,19159707,2.485454629,55.48020576
Madagascar,2008,61.992,512,Sub-Saharan Africa,20923840,2.709761487,58.24205124
Madagascar,2011,62.86,506,Sub-Saharan Africa,22822300,2.704290989,58.17469409
Madagascar,2014,63.261,505,Sub-Saharan Africa,24764348,2.703880005,58.16963373
Madagascar,2017,63.433,491,Sub-Saharan Africa,26788375,2.691847553,58.02148055
Madagascar,2020,62.706,450,Sub-Saharan Africa,28953556,2.653956561,57.55493634
Madagascar,2023,63.632,506,Sub-Saharan Africa,31195932,2.70428728,58.17464842
Nepal,1960,38.652,50,South Asia,10123658,1.700812047,45.81905857
Nepal,1963,39.608,46,South Asia,10729818,1.665718508,45.38695885
Nepal,1966,41.239,79,South Asia,11408710,1.900280691,48.27507609
Nepal,1969,42.722,64,South Asia,12167036,1.81169509,47.1843393
Nepal,1972,44.068,78,South Asia,12989099,1.896762661,48.23175929
Nepal,1975,45.499,113,South Asia,13870695,2.055399912,50.18502804
Nepal,1978,47.202,108,South Asia,14839695,2.033823384,49.91936056
Nepal,1981,48.662,142,South Asia,15922423,2.155083584,51.41241315
Nepal,1984,50.227,151,South Asia,17085242,2.179201765,51.70937549
Nepal,1987,52.382,162,South Asia,18250505,2.209613944,52.08383457
Nepal,1990,54.771,185,South Asia,19524573,2.269033088,52.81545061
Nepal,1993,57.597,172,South Asia,21180159,2.237556813,52.42788953
Nepal,1996,60.044,198,South Asia,22741862,2.298464236,53.17783045
Nepal,1999,62.035,208,South Asia,24125199,2.319411453,53.43574934
Nepal,2002,63.507,238,South Asia,25328981,2.378200521,54.15960737
Nepal,2005,65.275,309,South Asia,26309458,2.489992446,55.53607899
Nepal,2008,66.442,464,South Asia,26990037,2.66728237,57.71901437
Nepal,2011,67.123,785,South Asia,27464494,2.895156504,60.524783
Nepal,2014,67.812,821,South Asia,27672370,2.914583896,60.76398859
Nepal,2017,68.74,1034,South Asia,28011258,3.014639701,61.99595571
Nepal,2020,69.106,1154,South Asia,28966574,3.06228678,62.58262466
Nepal,2023,70.354,1377,South Asia,29694614,3.139131342,63.52879639
Cameroon,1960,34.667,119,Sub-Saharan Africa,5159057,2.075743777,50.43551798
Cameroon,1963,43.074,131,Sub-Saharan Africa,5456623,2.11939452,50.97298085
Cameroon,1966,44.839,145,Sub-Saharan Africa,5837295,2.163775345,51.51943307
Cameroon,1969,47.191,175,Sub-Saharan Africa,6283462,2.243411373,52.49997555
Cameroon,1972,49.12,220,Sub-Saharan Africa,6806872,2.34263725,53.72172393
Cameroon,1975,49.891,386,Sub-Saharan Africa,7397120,2.586853257,56.72870678
Cameroon,1978,50.319,581,Sub-Saharan Africa,8011921,2.764915027,58.92114574
Cameroon,1981,51.227,749,Sub-Saharan Africa,8816377,2.874972972,60.27626721
Cameroon,1984,52.886,771,Sub-Saharan Africa,9475078,2.887449708,60.42989076
Cameroon,1987,54.188,1258,Sub-Saharan Africa,10370749,3.099789073,63.0443829
Cameroon,1990,54.348,1086,Sub-Saharan Africa,11331821,3.036116465,62.26039481
Cameroon,1993,53.872,1309,Sub-Saharan Africa,12353131,3.117250177,63.25937798
Cameroon,1996,53.2,826,Sub-Saharan Africa,13414757,2.917487298,60.7997376
Cameroon,1999,53.166,796,Sub-Saharan Africa,14525140,2.901056345,60.59742656
Cameroon,2002,53.922,789,Sub-Saharan Africa,15725528,2.897420236,60.55265588
Cameroon,2005,54.904,1142,Sub-Saharan Africa,17074594,3.057903594,62.52865537
Cameroon,2008,56.116,1492,Sub-Saharan Africa,18574056,3.173810358,63.95579218
Cameroon,2011,57.482,1513,Sub-Saharan Africa,20232304,3.180114564,64.0334146
Cameroon,2014,59.13,1649,Sub-Saharan Africa,22059893,3.217337415,64.49173212
Cameroon,2017,60.817,1496,Sub-Saharan Africa,24128601,3.17495758,63.96991769
Cameroon,2020,61.674,1555,Sub-Saharan Africa,26210558,3.191898969,64.17851363
Cameroon,2023,63.7,1736,Sub-Saharan Africa,28372687,3.239765041,64.767879
Australia,1960,70.81707317,1810,East Asia & Pacific,10276477,3.257848044,64.9905314
Australia,1963,70.91170732,1967,East Asia & Pacific,10950000,3.293851005,65.43382865
Australia,1966,70.8195122,2343,East Asia & Pacific,11651000,3.369942029,66.37072221
Australia,1969,70.96878049,2991,East Asia & Pacific,12263000,3.475885709,67.67518556
Australia,1972,71.45756098,3949,East Asia & Pacific,13177000,3.5965379,69.16075186
Australia,1975,72.62536585,7003,East Asia & Pacific,13893000,3.845336369,72.22415764
Australia,1978,73.67414634,8252,East Asia & Pacific,14358000,3.916597871,73.10158627
Australia,1981,74.66341463,11853,East Asia & Pacific,14923260,4.073852811,75.03783489
Australia,1984,75.38780488,12421,East Asia & Pacific,15579391,4.094187357,75.28821009
Australia,1987,76.15170732,11651,East Asia & Pacific,16263874,4.066375507,74.94576834
Australia,1990,76.99463415,18249,East Asia & Pacific,17065128,4.261246245,77.34517277
Australia,1993,77.87804878,17699,East Asia & Pacific,17634808,4.247970236,77.18170792
Australia,1996,78.07804878,22021,East Asia & Pacific,18224767,4.342852497,78.34997423
Australia,1999,78.93170732,20712,East Asia & Pacific,18812264,4.316236081,78.02225162
Australia,2002,79.93658537,20301,East Asia & Pacific,19495210,4.307535469,77.91512272
Australia,2005,80.84146341,34479,East Asia & Pacific,20176844,4.537564334,80.74742213
Australia,2008,81.39512195,49701,East Asia & Pacific,21249199,4.696367589,82.70273485
Australia,2011,81.89512195,62605,East Asia & Pacific,22340024,4.796613185,83.93703882
Australia,2014,82.3,62544,East Asia & Pacific,23475686,4.79618626,83.93178218
Australia,2017,82.5,53901,East Asia & Pacific,24592588,4.73160258,83.13657625
Australia,2020,83.2,51791,East Asia & Pacific,25649248,4.714258826,82.92302607
Australia,2023,83.05121951,64820,East Asia & Pacific,26658948,4.811715136,84.12298613
